villagecode,districtid,district,subcountyid,subcounty,parishid,parish,villageid,village
181010101,181,MAYUGE,01,BAITAMBOGWE,01,BUGODI,01,BUGODI A
181010102,181,MAYUGE,01,BAITAMBOGWE,01,BUGODI,02,BUGODI B
181010103,181,MAYUGE,01,BAITAMBOGWE,01,BUGODI,03,MUSITA B
181010104,181,MAYUGE,01,BAITAMBOGWE,01,BUGODI,04,NAWANGIRI
181010201,181,MAYUGE,01,BAITAMBOGWE,02,BUTTE,01,BUTE 'A'
181010202,181,MAYUGE,01,BAITAMBOGWE,02,BUTTE,02,BUTE 'B'
181010203,181,MAYUGE,01,BAITAMBOGWE,02,BUTTE,03,NALWESAMBULA A
181010204,181,MAYUGE,01,BAITAMBOGWE,02,BUTTE,04,NALWESAMBULA B
181010301,181,MAYUGE,01,BAITAMBOGWE,03,IGEYERO,01,IGEYERO A
181010302,181,MAYUGE,01,BAITAMBOGWE,03,IGEYERO,02,IGEYERO B
181010303,181,MAYUGE,01,BAITAMBOGWE,03,IGEYERO,03,MUKUTA
181010304,181,MAYUGE,01,BAITAMBOGWE,03,IGEYERO,04,WAGONA
181010401,181,MAYUGE,01,BAITAMBOGWE,04,KATONTE,01,BUWANGA 'A'
181010402,181,MAYUGE,01,BAITAMBOGWE,04,KATONTE,02,BUWANGA 'B'
181010403,181,MAYUGE,01,BAITAMBOGWE,04,KATONTE,03,KATONTE
181010404,181,MAYUGE,01,BAITAMBOGWE,04,KATONTE,04,NAMAGERA
181010501,181,MAYUGE,01,BAITAMBOGWE,05,LUGOLOLE,01,BAITAMBOGWE
181010502,181,MAYUGE,01,BAITAMBOGWE,05,LUGOLOLE,02,LUGOLOLE B
181010503,181,MAYUGE,01,BAITAMBOGWE,05,LUGOLOLE,03,LUGULOLE A
181010504,181,MAYUGE,01,BAITAMBOGWE,05,LUGOLOLE,04,MBIRIZI
181010601,181,MAYUGE,01,BAITAMBOGWE,06,LUKONE,01,LUKONE
181010602,181,MAYUGE,01,BAITAMBOGWE,06,LUKONE,02,MAGAMAGA
181010603,181,MAYUGE,01,BAITAMBOGWE,06,LUKONE,03,NSINDA
181010701,181,MAYUGE,01,BAITAMBOGWE,07,MULINGILIRE,01,BUBABWE
181010702,181,MAYUGE,01,BAITAMBOGWE,07,MULINGILIRE,02,IZINGA
181010703,181,MAYUGE,01,BAITAMBOGWE,07,MULINGILIRE,03,MULINGIRIRE
181010704,181,MAYUGE,01,BAITAMBOGWE,07,MULINGILIRE,04,MUSITA A
181010705,181,MAYUGE,01,BAITAMBOGWE,07,MULINGILIRE,05,NAMUSENWA
181010801,181,MAYUGE,01,BAITAMBOGWE,08,WAINHA,01,NABALONGO A
181010802,181,MAYUGE,01,BAITAMBOGWE,08,WAINHA,02,NABALONGO B
181010803,181,MAYUGE,01,BAITAMBOGWE,08,WAINHA,03,WAINHA 'A'
181010804,181,MAYUGE,01,BAITAMBOGWE,08,WAINHA,04,WAINHA 'B'
181020101,181,MAYUGE,02,BUGADDE TOWN COUNCIL,01,BUGADE WARD,01,BUGADDE A
181020102,181,MAYUGE,02,BUGADDE TOWN COUNCIL,01,BUGADE WARD,02,BUGADDE B
181020103,181,MAYUGE,02,BUGADDE TOWN COUNCIL,01,BUGADE WARD,03,BUGADDE C
181020104,181,MAYUGE,02,BUGADDE TOWN COUNCIL,01,BUGADE WARD,04,BUGADDE EAST
181020105,181,MAYUGE,02,BUGADDE TOWN COUNCIL,01,BUGADE WARD,05,BUGADDE NORTH
181020106,181,MAYUGE,02,BUGADDE TOWN COUNCIL,01,BUGADE WARD,06,BUGADDE WEST
181020107,181,MAYUGE,02,BUGADDE TOWN COUNCIL,01,BUGADE WARD,07,BUGOYA
181020201,181,MAYUGE,02,BUGADDE TOWN COUNCIL,02,BUSENDA WARD,01,BUSENDA A
181020202,181,MAYUGE,02,BUGADDE TOWN COUNCIL,02,BUSENDA WARD,02,BUSENDA B
181020203,181,MAYUGE,02,BUGADDE TOWN COUNCIL,02,BUSENDA WARD,03,BUSENDA C
181020301,181,MAYUGE,02,BUGADDE TOWN COUNCIL,03,KITYERERA WARD,01,KITYERERA A
181020302,181,MAYUGE,02,BUGADDE TOWN COUNCIL,03,KITYERERA WARD,02,KITYERERA B
181020303,181,MAYUGE,02,BUGADDE TOWN COUNCIL,03,KITYERERA WARD,03,KITYERERA C
181020401,181,MAYUGE,02,BUGADDE TOWN COUNCIL,04,NAKIBENGO WARD,01,ITUBA A
181020402,181,MAYUGE,02,BUGADDE TOWN COUNCIL,04,NAKIBENGO WARD,02,ITUBA B
181020403,181,MAYUGE,02,BUGADDE TOWN COUNCIL,04,NAKIBENGO WARD,03,KIKOKOLI
181020404,181,MAYUGE,02,BUGADDE TOWN COUNCIL,04,NAKIBENGO WARD,04,NAKIBENGO
181030101,181,MAYUGE,03,BUKABOOLI,01,BUGOTO,01,BUGOTO A
181030102,181,MAYUGE,03,BUKABOOLI,01,BUGOTO,02,BUGOTO B
181030103,181,MAYUGE,03,BUKABOOLI,01,BUGOTO,03,BUTUMBULA
181030104,181,MAYUGE,03,BUKABOOLI,01,BUGOTO,04,KAKOGE
181030105,181,MAYUGE,03,BUKABOOLI,01,BUGOTO,05,KITUMBEZI
181030106,181,MAYUGE,03,BUKABOOLI,01,BUGOTO,06,LULANDA
181030107,181,MAYUGE,03,BUKABOOLI,01,BUGOTO,07,MUNYAZI
181030108,181,MAYUGE,03,BUKABOOLI,01,BUGOTO,08,MUSUBI
181030109,181,MAYUGE,03,BUKABOOLI,01,BUGOTO,09,NAMULULI
181030110,181,MAYUGE,03,BUKABOOLI,01,BUGOTO,10,NAWAMPONGO
181030201,181,MAYUGE,03,BUKABOOLI,02,BUGUMIA,01,BUDUMBA
181030202,181,MAYUGE,03,BUKABOOLI,02,BUGUMIA,02,KALIRO
181030203,181,MAYUGE,03,BUKABOOLI,02,BUGUMIA,03,KANYANA
181030204,181,MAYUGE,03,BUKABOOLI,02,BUGUMIA,04,KIRONGO A
181030205,181,MAYUGE,03,BUKABOOLI,02,BUGUMIA,05,KIRONGO B
181030206,181,MAYUGE,03,BUKABOOLI,02,BUGUMIA,06,MAKOOMA
181030207,181,MAYUGE,03,BUKABOOLI,02,BUGUMIA,07,NAKASUWA
181030301,181,MAYUGE,03,BUKABOOLI,03,BUKABOOLI,01,BUKABOOLI
181030302,181,MAYUGE,03,BUKABOOLI,03,BUKABOOLI,02,KALAGALA A
181030303,181,MAYUGE,03,BUKABOOLI,03,BUKABOOLI,03,KALAGALA B
181030304,181,MAYUGE,03,BUKABOOLI,03,BUKABOOLI,04,KIKUNYU
181030305,181,MAYUGE,03,BUKABOOLI,03,BUKABOOLI,05,NAMULWANA 'A'
181030306,181,MAYUGE,03,BUKABOOLI,03,BUKABOOLI,06,NAMULWANA 'B'
181030401,181,MAYUGE,03,BUKABOOLI,04,BUYUGU,01,BUSITEMA
181030402,181,MAYUGE,03,BUKABOOLI,04,BUYUGU,02,BUYUGU
181030403,181,MAYUGE,03,BUKABOOLI,04,BUYUGU,03,IGAYAZA
181030404,181,MAYUGE,03,BUKABOOLI,04,BUYUGU,04,KINAWAMBUZI
181030405,181,MAYUGE,03,BUKABOOLI,04,BUYUGU,05,MBALE
181030406,181,MAYUGE,03,BUKABOOLI,04,BUYUGU,06,NABYAMA
181030407,181,MAYUGE,03,BUKABOOLI,04,BUYUGU,07,NABYAMA BEACH
181030408,181,MAYUGE,03,BUKABOOLI,04,BUYUGU,08,NAMAKOKO
181030501,181,MAYUGE,03,BUKABOOLI,05,MATOVU,01,BUKANGA
181030502,181,MAYUGE,03,BUKABOOLI,05,MATOVU,02,MATOVU
181030503,181,MAYUGE,03,BUKABOOLI,05,MATOVU,03,NABIWERO
181030504,181,MAYUGE,03,BUKABOOLI,05,MATOVU,04,NAKIBAGO
181030601,181,MAYUGE,03,BUKABOOLI,06,MAYIRINYA,01,BUSIRA
181030602,181,MAYUGE,03,BUKABOOLI,06,MAYIRINYA,02,KASOZI
181030603,181,MAYUGE,03,BUKABOOLI,06,MAYIRINYA,03,KASOZI B
181030604,181,MAYUGE,03,BUKABOOLI,06,MAYIRINYA,04,LUWUTA
181030605,181,MAYUGE,03,BUKABOOLI,06,MAYIRINYA,05,LWANDERA
181030606,181,MAYUGE,03,BUKABOOLI,06,MAYIRINYA,06,MAIRINYA A
181030607,181,MAYUGE,03,BUKABOOLI,06,MAYIRINYA,07,MAIRINYA 'B'
181030608,181,MAYUGE,03,BUKABOOLI,06,MAYIRINYA,08,NAWANDEGEYI
181040101,181,MAYUGE,04,BUKATUBE,01,BUKALEBA,01,BUKALEBA
181040102,181,MAYUGE,04,BUKATUBE,01,BUKALEBA,02,NAKALANGA A
181040103,181,MAYUGE,04,BUKATUBE,01,BUKALEBA,03,NAKALANGA B
181040104,181,MAYUGE,04,BUKATUBE,01,BUKALEBA,04,NAMUGONGO
181040105,181,MAYUGE,04,BUKATUBE,01,BUKALEBA,05,WALUMBE BEACH
181040201,181,MAYUGE,04,BUKATUBE,02,BUYEMBA,01,BUBALAGALA
181040202,181,MAYUGE,04,BUKATUBE,02,BUYEMBA,02,BUKASERO A
181040203,181,MAYUGE,04,BUKATUBE,02,BUYEMBA,03,BUKASERO B
181040204,181,MAYUGE,04,BUKATUBE,02,BUYEMBA,04,BUYEMBA 'A'
181040205,181,MAYUGE,04,BUKATUBE,02,BUYEMBA,05,BUYEMBA 'B'
181040206,181,MAYUGE,04,BUKATUBE,02,BUYEMBA,06,LUUBU A
181040207,181,MAYUGE,04,BUKATUBE,02,BUYEMBA,07,LUUBU B
181040208,181,MAYUGE,04,BUKATUBE,02,BUYEMBA,08,MUGERI A
181040209,181,MAYUGE,04,BUKATUBE,02,BUYEMBA,09,MUGERI B
181040301,181,MAYUGE,04,BUKATUBE,03,LWANIKA,01,BUDHALA 'A'
181040302,181,MAYUGE,04,BUKATUBE,03,LWANIKA,02,BUDHALA 'B'
181040303,181,MAYUGE,04,BUKATUBE,03,LWANIKA,03,BUKATUBE 'A'
181040304,181,MAYUGE,04,BUKATUBE,03,LWANIKA,04,BUKATUBE B
181040305,181,MAYUGE,04,BUKATUBE,03,LWANIKA,05,BUTIMBWA
181040306,181,MAYUGE,04,BUKATUBE,03,LWANIKA,06,BUWOLOMERA
181040307,181,MAYUGE,04,BUKATUBE,03,LWANIKA,07,KAPALUKO
181040308,181,MAYUGE,04,BUKATUBE,03,LWANIKA,08,LUKINDU A
181040309,181,MAYUGE,04,BUKATUBE,03,LWANIKA,09,LUKINDU B
181040310,181,MAYUGE,04,BUKATUBE,03,LWANIKA,10,LWANIKA A
181040311,181,MAYUGE,04,BUKATUBE,03,LWANIKA,11,LWANIKA B
181040312,181,MAYUGE,04,BUKATUBE,03,LWANIKA,12,NDHOKERO A
181040313,181,MAYUGE,04,BUKATUBE,03,LWANIKA,13,NDHOKERO B
181040314,181,MAYUGE,04,BUKATUBE,03,LWANIKA,14,WAMONDO
181040401,181,MAYUGE,04,BUKATUBE,04,MAUTA,01,BUGULUMA
181040402,181,MAYUGE,04,BUKATUBE,04,MAUTA,02,BUYOKA
181040403,181,MAYUGE,04,BUKATUBE,04,MAUTA,03,KABUKI
181040404,181,MAYUGE,04,BUKATUBE,04,MAUTA,04,KYANDO
181040405,181,MAYUGE,04,BUKATUBE,04,MAUTA,05,MAUTA
181040501,181,MAYUGE,04,BUKATUBE,05,MBIRABIRA,01,BUFUTA A
181040502,181,MAYUGE,04,BUKATUBE,05,MBIRABIRA,02,BUFUTA B
181040503,181,MAYUGE,04,BUKATUBE,05,MBIRABIRA,03,BUGWANANDALA
181040504,181,MAYUGE,04,BUKATUBE,05,MBIRABIRA,04,BUWERERE
181040505,181,MAYUGE,04,BUKATUBE,05,MBIRABIRA,05,MASAKA
181040506,181,MAYUGE,04,BUKATUBE,05,MBIRABIRA,06,MBIRABIRA
181050101,181,MAYUGE,05,BUSAKIRA,01,BUKUNJA,01,BUKUNJA 'A'
181050102,181,MAYUGE,05,BUSAKIRA,01,BUKUNJA,02,BUKUNJA 'B'
181050103,181,MAYUGE,05,BUSAKIRA,01,BUKUNJA,03,BUSAALA
181050104,181,MAYUGE,05,BUSAKIRA,01,BUKUNJA,04,LUBALI
181050105,181,MAYUGE,05,BUSAKIRA,01,BUKUNJA,05,NAMISU 'A'
181050106,181,MAYUGE,05,BUSAKIRA,01,BUKUNJA,06,NAMISU 'B'
181050107,181,MAYUGE,05,BUSAKIRA,01,BUKUNJA,07,NAMISU C
181050201,181,MAYUGE,05,BUSAKIRA,02,BUTANGALA,01,BUBALI
181050202,181,MAYUGE,05,BUSAKIRA,02,BUTANGALA,02,BUGOYE
181050203,181,MAYUGE,05,BUSAKIRA,02,BUTANGALA,03,BUTANGALA 'A'
181050204,181,MAYUGE,05,BUSAKIRA,02,BUTANGALA,04,BUTANGALA 'B'
181050205,181,MAYUGE,05,BUSAKIRA,02,BUTANGALA,05,MUKONDA
181050206,181,MAYUGE,05,BUSAKIRA,02,BUTANGALA,06,NAMIRO
181050207,181,MAYUGE,05,BUSAKIRA,02,BUTANGALA,07,WAITA
181050301,181,MAYUGE,05,BUSAKIRA,03,KALUUBA,01,BUSAKIRA 'A'
181050302,181,MAYUGE,05,BUSAKIRA,03,KALUUBA,02,BUSAKIRA B
181050303,181,MAYUGE,05,BUSAKIRA,03,KALUUBA,03,BUSAKIRA 'C'
181050304,181,MAYUGE,05,BUSAKIRA,03,KALUUBA,04,BUSAKIRA 'D'
181050305,181,MAYUGE,05,BUSAKIRA,03,KALUUBA,05,KAFUMITA
181050306,181,MAYUGE,05,BUSAKIRA,03,KALUUBA,06,KALUUBA 'B'
181050307,181,MAYUGE,05,BUSAKIRA,03,KALUUBA,07,KALUUBA 'C'
181050308,181,MAYUGE,05,BUSAKIRA,03,KALUUBA,08,KAULUBA 'A'
181050401,181,MAYUGE,05,BUSAKIRA,04,MAUMU,01,BUSEERA B
181050402,181,MAYUGE,05,BUSAKIRA,04,MAUMU,02,BUYANIRWA
181050403,181,MAYUGE,05,BUSAKIRA,04,MAUMU,03,MAUMU A
181050404,181,MAYUGE,05,BUSAKIRA,04,MAUMU,04,MAUMU B
181050405,181,MAYUGE,05,BUSAKIRA,04,MAUMU,05,NAMWOBA
181050501,181,MAYUGE,05,BUSAKIRA,05,WAMBETE,01,BUSEERA 'A'
181050502,181,MAYUGE,05,BUSAKIRA,05,WAMBETE,02,BUSEERA 'C'
181050503,181,MAYUGE,05,BUSAKIRA,05,WAMBETE,03,MACHECHE
181050504,181,MAYUGE,05,BUSAKIRA,05,WAMBETE,04,WAMBETE 'A'
181050505,181,MAYUGE,05,BUSAKIRA,05,WAMBETE,05,WAMBETE 'B'
181060101,181,MAYUGE,06,BUWAAYA,01,BUWAISWA,01,BUBAGO
181060102,181,MAYUGE,06,BUWAAYA,01,BUWAISWA,02,BUWAAYA
181060103,181,MAYUGE,06,BUWAAYA,01,BUWAISWA,03,BUWAISWA
181060104,181,MAYUGE,06,BUWAAYA,01,BUWAISWA,04,NABUYAGI
181060105,181,MAYUGE,06,BUWAAYA,01,BUWAISWA,05,NTAFUNGIRWA
181060201,181,MAYUGE,06,BUWAAYA,02,BUWOLYA,01,BUWOLYA
181060202,181,MAYUGE,06,BUWAAYA,02,BUWOLYA,02,IVUGUNO
181060203,181,MAYUGE,06,BUWAAYA,02,BUWOLYA,03,IWUUBA
181060204,181,MAYUGE,06,BUWAAYA,02,BUWOLYA,04,KAKINDU
181060205,181,MAYUGE,06,BUWAAYA,02,BUWOLYA,05,NTINDA
181060301,181,MAYUGE,06,BUWAAYA,03,ISIIKIRO  ,01,BUKOOBA
181060302,181,MAYUGE,06,BUWAAYA,03,ISIIKIRO  ,02,IBANGA
181060303,181,MAYUGE,06,BUWAAYA,03,ISIIKIRO  ,03,ISIIKIRO  
181060304,181,MAYUGE,06,BUWAAYA,03,ISIIKIRO  ,04,KANYABWINA
181060305,181,MAYUGE,06,BUWAAYA,03,ISIIKIRO  ,05,KIKUBO
181060401,181,MAYUGE,06,BUWAAYA,04,KABAYINGIRE ,01,KABAYINGIRE 
181060402,181,MAYUGE,06,BUWAAYA,04,KABAYINGIRE ,02,NAKATE
181060403,181,MAYUGE,06,BUWAAYA,04,KABAYINGIRE ,03,NAMADHI
181060404,181,MAYUGE,06,BUWAAYA,04,KABAYINGIRE ,04,NAMATALE
181060405,181,MAYUGE,06,BUWAAYA,04,KABAYINGIRE ,05,NAWAVUBO
181060501,181,MAYUGE,06,BUWAAYA,05,NSANGO,01,BULONDO
181060502,181,MAYUGE,06,BUWAAYA,05,NSANGO,02,LUGANGU
181060503,181,MAYUGE,06,BUWAAYA,05,NSANGO,03,NABITTU
181060504,181,MAYUGE,06,BUWAAYA,05,NSANGO,04,NAMAGO
181060505,181,MAYUGE,06,BUWAAYA,05,NSANGO,05,NSANGO
181070101,181,MAYUGE,07,BWONDHA TOWN COUNCIL,01,BWONDHA CENTRAL,01,BWONDHA B
181070102,181,MAYUGE,07,BWONDHA TOWN COUNCIL,01,BWONDHA CENTRAL,02,BWONDHA CENTRAL
181070103,181,MAYUGE,07,BWONDHA TOWN COUNCIL,01,BWONDHA CENTRAL,03,BWONDHA D
181070201,181,MAYUGE,07,BWONDHA TOWN COUNCIL,02,BWONDHA SOUTH WARD,01,BWONDHA A
181070202,181,MAYUGE,07,BWONDHA TOWN COUNCIL,02,BWONDHA SOUTH WARD,02,BWONDHA EAST
181070203,181,MAYUGE,07,BWONDHA TOWN COUNCIL,02,BWONDHA SOUTH WARD,03,NABIDONGA
181070301,181,MAYUGE,07,BWONDHA TOWN COUNCIL,03,MAKONKO WARD,01,KAYANJA
181070302,181,MAYUGE,07,BWONDHA TOWN COUNCIL,03,MAKONKO WARD,02,KIYONJO
181070303,181,MAYUGE,07,BWONDHA TOWN COUNCIL,03,MAKONKO WARD,03,MAKONKO A
181070304,181,MAYUGE,07,BWONDHA TOWN COUNCIL,03,MAKONKO WARD,04,MAKONKO B
181070305,181,MAYUGE,07,BWONDHA TOWN COUNCIL,03,MAKONKO WARD,05,MIREMBE
181070401,181,MAYUGE,07,BWONDHA TOWN COUNCIL,04,MUSOMA WARD,01,BUKIMERA
181070402,181,MAYUGE,07,BWONDHA TOWN COUNCIL,04,MUSOMA WARD,02,MUSOMA
181070403,181,MAYUGE,07,BWONDHA TOWN COUNCIL,04,MUSOMA WARD,03,NAKAWA
181070501,181,MAYUGE,07,BWONDHA TOWN COUNCIL,05,NALUBABWE,01,BWONDHA C
181070502,181,MAYUGE,07,BWONDHA TOWN COUNCIL,05,NALUBABWE,02,MULOWOZA
181070503,181,MAYUGE,07,BWONDHA TOWN COUNCIL,05,NALUBABWE,03,NALUBABWE A
181070504,181,MAYUGE,07,BWONDHA TOWN COUNCIL,05,NALUBABWE,04,NALUBABWE B
181070601,181,MAYUGE,07,BWONDHA TOWN COUNCIL,06,NKALANJA WARD,01,BWONDHA CENTRAL MARKET
181070602,181,MAYUGE,07,BWONDHA TOWN COUNCIL,06,NKALANJA WARD,02,NKALANGA A
181070603,181,MAYUGE,07,BWONDHA TOWN COUNCIL,06,NKALANJA WARD,03,NKALANGA B
181070604,181,MAYUGE,07,BWONDHA TOWN COUNCIL,06,NKALANJA WARD,04,VICTORIAL
181080101,181,MAYUGE,08,IMANYIRO,01,BUFULUBI,01,BUFULUBI A
181080102,181,MAYUGE,08,IMANYIRO,01,BUFULUBI,02,BUFULUBI B
181080103,181,MAYUGE,08,IMANYIRO,01,BUFULUBI,03,BUKOMYA
181080104,181,MAYUGE,08,IMANYIRO,01,BUFULUBI,04,BUVUNA
181080105,181,MAYUGE,08,IMANYIRO,01,BUFULUBI,05,KISULE
181080106,181,MAYUGE,08,IMANYIRO,01,BUFULUBI,06,LWABALA
181080107,181,MAYUGE,08,IMANYIRO,01,BUFULUBI,07,NAKIWATA
181080201,181,MAYUGE,08,IMANYIRO,02,MAGADA,01,BULYAMPINDI
181080202,181,MAYUGE,08,IMANYIRO,02,MAGADA,02,LUYIRA
181080203,181,MAYUGE,08,IMANYIRO,02,MAGADA,03,MAGADA
181080204,181,MAYUGE,08,IMANYIRO,02,MAGADA,04,NAMADUDU
181080205,181,MAYUGE,08,IMANYIRO,02,MAGADA,05,NAMAKAKALE
181080206,181,MAYUGE,08,IMANYIRO,02,MAGADA,06,WALUGOGO
181080207,181,MAYUGE,08,IMANYIRO,02,MAGADA,07,WANTE
181080301,181,MAYUGE,08,IMANYIRO,03,MAYUGE,01,BUDHEBERA
181080302,181,MAYUGE,08,IMANYIRO,03,MAYUGE,02,BUKAWONGO
181080303,181,MAYUGE,08,IMANYIRO,03,MAYUGE,03,BWIWULA
181080304,181,MAYUGE,08,IMANYIRO,03,MAYUGE,04,LUWANULA
181080305,181,MAYUGE,08,IMANYIRO,03,MAYUGE,05,MATUBA
181080401,181,MAYUGE,08,IMANYIRO,04,MBAALE,01,IGUNDA
181080402,181,MAYUGE,08,IMANYIRO,04,MBAALE,02,IMANYIRO
181080403,181,MAYUGE,08,IMANYIRO,04,MBAALE,03,KAKUNU
181080404,181,MAYUGE,08,IMANYIRO,04,MBAALE,04,MAGUNGA
181080405,181,MAYUGE,08,IMANYIRO,04,MBAALE,05,MBAALE
181080406,181,MAYUGE,08,IMANYIRO,04,MBAALE,06,NAMWOGI
181080407,181,MAYUGE,08,IMANYIRO,04,MBAALE,07,WANSWA
181080501,181,MAYUGE,08,IMANYIRO,05,NKOMBE,01,KITOVU
181080502,181,MAYUGE,08,IMANYIRO,05,NKOMBE,02,KYANDAILE
181080503,181,MAYUGE,08,IMANYIRO,05,NKOMBE,03,LWANDA
181080504,181,MAYUGE,08,IMANYIRO,05,NKOMBE,04,NAKABALE
181080505,181,MAYUGE,08,IMANYIRO,05,NKOMBE,05,NKOMBE 'A'
181080506,181,MAYUGE,08,IMANYIRO,05,NKOMBE,06,NKOMBE 'B'
181090101,181,MAYUGE,09,JAGUZI,01,BUMBA,01,BUKABAMBWE
181090102,181,MAYUGE,09,JAGUZI,01,BUMBA,02,BUYAKO BEACH
181090103,181,MAYUGE,09,JAGUZI,01,BUMBA,03,BUYAKO VILLAGE
181090104,181,MAYUGE,09,JAGUZI,01,BUMBA,04,GALILAYA
181090201,181,MAYUGE,09,JAGUZI,02,JAGUZI,01,BUSABALA A
181090202,181,MAYUGE,09,JAGUZI,02,JAGUZI,02,BUSABALA B
181090203,181,MAYUGE,09,JAGUZI,02,JAGUZI,03,BWAYA/BUKEMBO
181090204,181,MAYUGE,09,JAGUZI,02,JAGUZI,04,GOOLI A
181090205,181,MAYUGE,09,JAGUZI,02,JAGUZI,05,GOOLI B
181090206,181,MAYUGE,09,JAGUZI,02,JAGUZI,06,KAZIRU
181090207,181,MAYUGE,09,JAGUZI,02,JAGUZI,07,MUBEMBE
181090208,181,MAYUGE,09,JAGUZI,02,JAGUZI,08,MUSOMA
181090209,181,MAYUGE,09,JAGUZI,02,JAGUZI,09,NABUKALU A
181090210,181,MAYUGE,09,JAGUZI,02,JAGUZI,10,NABUKALU B
181090301,181,MAYUGE,09,JAGUZI,03,KAAZA,01,KAAZA A
181090302,181,MAYUGE,09,JAGUZI,03,KAAZA,02,KAAZA B
181090303,181,MAYUGE,09,JAGUZI,03,KAAZA,03,SIMWE ISLAND
181090401,181,MAYUGE,09,JAGUZI,04,MASOLYA,01,MASOLYA 'A'
181090402,181,MAYUGE,09,JAGUZI,04,MASOLYA,02,MASOLYA 'B'
181090403,181,MAYUGE,09,JAGUZI,04,MASOLYA,03,MASOLYA CENTRAL
181090501,181,MAYUGE,09,JAGUZI,05,SAGITU,01,BUSWETA
181090502,181,MAYUGE,09,JAGUZI,05,SAGITU,02,DEMBE
181090503,181,MAYUGE,09,JAGUZI,05,SAGITU,03,MAGANDA
181090504,181,MAYUGE,09,JAGUZI,05,SAGITU,04,NALUWERERE
181090601,181,MAYUGE,09,JAGUZI,06,SERINYABI,01,KOLOLO
181090602,181,MAYUGE,09,JAGUZI,06,SERINYABI,02,LUKOBA
181090603,181,MAYUGE,09,JAGUZI,06,SERINYABI,03,MASAMBA
181100101,181,MAYUGE,10,KIGANDALO,01,BUGONDO,01,BUGONDO
181100102,181,MAYUGE,10,KIGANDALO,01,BUGONDO,02,NABUKONI
181100103,181,MAYUGE,10,KIGANDALO,01,BUGONDO,03,NAKAWA
181100104,181,MAYUGE,10,KIGANDALO,01,BUGONDO,04,NAMALEGE
181100105,181,MAYUGE,10,KIGANDALO,01,BUGONDO,05,WALUKOKO
181100201,181,MAYUGE,10,KIGANDALO,02,ISENDA,01,BUGUNDA
181100202,181,MAYUGE,10,KIGANDALO,02,ISENDA,02,ISENDA
181100203,181,MAYUGE,10,KIGANDALO,02,ISENDA,03,ISENDA A
181100204,181,MAYUGE,10,KIGANDALO,02,ISENDA,04,KATALAKABI
181100205,181,MAYUGE,10,KIGANDALO,02,ISENDA,05,NAMAIGA
181100206,181,MAYUGE,10,KIGANDALO,02,ISENDA,06,NAMATOVU
181100207,181,MAYUGE,10,KIGANDALO,02,ISENDA,07,NANVUNANO
181100208,181,MAYUGE,10,KIGANDALO,02,ISENDA,08,NVUNWA
181100209,181,MAYUGE,10,KIGANDALO,02,ISENDA,09,WALULENGA
181100210,181,MAYUGE,10,KIGANDALO,02,ISENDA,10,KATIKITIKI
181100301,181,MAYUGE,10,KIGANDALO,03,KIGANDALO,01,KIGANDALO A
181100302,181,MAYUGE,10,KIGANDALO,03,KIGANDALO,02,KIGANDALO B
181100303,181,MAYUGE,10,KIGANDALO,03,KIGANDALO,03,NAIGERIA
181100304,181,MAYUGE,10,KIGANDALO,03,KIGANDALO,04,NAKASERO
181100305,181,MAYUGE,10,KIGANDALO,03,KIGANDALO,05,NAKAZIGO
181100306,181,MAYUGE,10,KIGANDALO,03,KIGANDALO,06,NAKIDUBULI
181100307,181,MAYUGE,10,KIGANDALO,03,KIGANDALO,07,NAMPU
181100308,181,MAYUGE,10,KIGANDALO,03,KIGANDALO,08,NDALAEGOBYE
181100309,181,MAYUGE,10,KIGANDALO,03,KIGANDALO,09,WANDAWA
181100401,181,MAYUGE,10,KIGANDALO,04,KIGULU,01,BUBBALYA
181100402,181,MAYUGE,10,KIGANDALO,04,KIGULU,02,BUYAGA
181100403,181,MAYUGE,10,KIGANDALO,04,KIGULU,03,KIGULU
181100404,181,MAYUGE,10,KIGANDALO,04,KIGULU,04,KIREWE
181100405,181,MAYUGE,10,KIGANDALO,04,KIGULU,05,NAMASAKA
181100406,181,MAYUGE,10,KIGANDALO,04,KIGULU,06,NAMUGOLO
181100407,181,MAYUGE,10,KIGANDALO,04,KIGULU,07,NSUMBA
181100408,181,MAYUGE,10,KIGANDALO,04,KIGULU,08,BULOWOZA
181100501,181,MAYUGE,10,KIGANDALO,05,KIOGA (MAYENGO),01,BUSUI
181100502,181,MAYUGE,10,KIGANDALO,05,KIOGA (MAYENGO),02,BUYEGO
181100503,181,MAYUGE,10,KIGANDALO,05,KIOGA (MAYENGO),03,BWEZA
181100504,181,MAYUGE,10,KIGANDALO,05,KIOGA (MAYENGO),04,KAZINGA
181100505,181,MAYUGE,10,KIGANDALO,05,KIOGA (MAYENGO),05,KIOGA
181100506,181,MAYUGE,10,KIGANDALO,05,KIOGA (MAYENGO),06,LUKUNYU
181100507,181,MAYUGE,10,KIGANDALO,05,KIOGA (MAYENGO),07,NABIKOMO
181100508,181,MAYUGE,10,KIGANDALO,05,KIOGA (MAYENGO),08,NAKAVULE
181100509,181,MAYUGE,10,KIGANDALO,05,KIOGA (MAYENGO),09,SESE
181100601,181,MAYUGE,10,KIGANDALO,06,MALEKA,01,ISOOLA
181100602,181,MAYUGE,10,KIGANDALO,06,MALEKA,02,KIGULAMU
181100603,181,MAYUGE,10,KIGANDALO,06,MALEKA,03,MABIRIZI
181100604,181,MAYUGE,10,KIGANDALO,06,MALEKA,04,MALEKA A
181100605,181,MAYUGE,10,KIGANDALO,06,MALEKA,05,MALEKA B
181100606,181,MAYUGE,10,KIGANDALO,06,MALEKA,06,NAKITWALO
181100607,181,MAYUGE,10,KIGANDALO,06,MALEKA,07,WANKONGE
181110101,181,MAYUGE,11,KITYERERA,01,BUBINGE,01,BUBINGE
181110102,181,MAYUGE,11,KITYERERA,01,BUBINGE,02,BULIDHA
181110103,181,MAYUGE,11,KITYERERA,01,BUBINGE,03,BUSIMO
181110104,181,MAYUGE,11,KITYERERA,01,BUBINGE,04,IGUNDA
181110105,181,MAYUGE,11,KITYERERA,01,BUBINGE,05,KIKANDWA
181110201,181,MAYUGE,11,KITYERERA,02,BUKALENZI,01,BUKALENZI
181110202,181,MAYUGE,11,KITYERERA,02,BUKALENZI,02,BUKOBA A
181110203,181,MAYUGE,11,KITYERERA,02,BUKALENZI,03,BUKOBA 'B'
181110204,181,MAYUGE,11,KITYERERA,02,BUKALENZI,04,BUKOBA CENTRAL
181110205,181,MAYUGE,11,KITYERERA,02,BUKALENZI,05,BUKUKU
181110206,181,MAYUGE,11,KITYERERA,02,BUKALENZI,06,LUTALE 'A'
181110207,181,MAYUGE,11,KITYERERA,02,BUKALENZI,07,LUTALE D
181110208,181,MAYUGE,11,KITYERERA,02,BUKALENZI,08,MASHANGA A
181110209,181,MAYUGE,11,KITYERERA,02,BUKALENZI,09,MASHANGA B
181110210,181,MAYUGE,11,KITYERERA,02,BUKALENZI,10,NAMALERE
181110211,181,MAYUGE,11,KITYERERA,02,BUKALENZI,11,NGAYAMA
181110301,181,MAYUGE,11,KITYERERA,03,KITOVU,01,KABAGANJA
181110302,181,MAYUGE,11,KITYERERA,03,KITOVU,02,KIKOMA
181110303,181,MAYUGE,11,KITYERERA,03,KITOVU,03,KITOVU
181110304,181,MAYUGE,11,KITYERERA,03,KITOVU,04,LUTALE 'B'
181110305,181,MAYUGE,11,KITYERERA,03,KITOVU,05,LUTALE C
181110306,181,MAYUGE,11,KITYERERA,03,KITOVU,06,MITIMITO
181110307,181,MAYUGE,11,KITYERERA,03,KITOVU,07,NTAMBI
181110401,181,MAYUGE,11,KITYERERA,04,NDAIGA,01,BUBALULE A
181110402,181,MAYUGE,11,KITYERERA,04,NDAIGA,02,BUBALULE B
181110403,181,MAYUGE,11,KITYERERA,04,NDAIGA,03,NAKIRIMIRA A
181110404,181,MAYUGE,11,KITYERERA,04,NDAIGA,04,NAKIRIMIRA B
181110405,181,MAYUGE,11,KITYERERA,04,NDAIGA,05,NAKIRIMIRA C
181110406,181,MAYUGE,11,KITYERERA,04,NDAIGA,06,NDAIGA A
181110407,181,MAYUGE,11,KITYERERA,04,NDAIGA,07,NDAIGA B
181110408,181,MAYUGE,11,KITYERERA,04,NDAIGA,08,NDAIGA C
181110501,181,MAYUGE,11,KITYERERA,05,WANDEGEYA,01,KATUBA
181110502,181,MAYUGE,11,KITYERERA,05,WANDEGEYA,02,NENDA A
181110503,181,MAYUGE,11,KITYERERA,05,WANDEGEYA,03,NENDA B
181110504,181,MAYUGE,11,KITYERERA,05,WANDEGEYA,04,WAKIWUNGU
181110505,181,MAYUGE,11,KITYERERA,05,WANDEGEYA,05,WANDEGEYA A
181110506,181,MAYUGE,11,KITYERERA,05,WANDEGEYA,06,WANDEGEYA B
181120101,181,MAYUGE,12,MAGAMAGA TOWN COUNCIL,01,BUKOLI WARD,01,BUKOLI A
181120102,181,MAYUGE,12,MAGAMAGA TOWN COUNCIL,01,BUKOLI WARD,02,BUKOLI B
181120103,181,MAYUGE,12,MAGAMAGA TOWN COUNCIL,01,BUKOLI WARD,03,BUKOLI C
181120104,181,MAYUGE,12,MAGAMAGA TOWN COUNCIL,01,BUKOLI WARD,04,MUTUKULA
181120201,181,MAYUGE,12,MAGAMAGA TOWN COUNCIL,02,MAGAMAGA WARD,01,KAWUDHU
181120202,181,MAYUGE,12,MAGAMAGA TOWN COUNCIL,02,MAGAMAGA WARD,02,MAGAMAGA T/C
181120203,181,MAYUGE,12,MAGAMAGA TOWN COUNCIL,02,MAGAMAGA WARD,03,MARKET ZONE
181120204,181,MAYUGE,12,MAGAMAGA TOWN COUNCIL,02,MAGAMAGA WARD,04,TASAGA
181120301,181,MAYUGE,12,MAGAMAGA TOWN COUNCIL,03,WABULUNGU WARD,01,BODA
181120302,181,MAYUGE,12,MAGAMAGA TOWN COUNCIL,03,WABULUNGU WARD,02,BRIDGE
181120303,181,MAYUGE,12,MAGAMAGA TOWN COUNCIL,03,WABULUNGU WARD,03,DONGA
181120304,181,MAYUGE,12,MAGAMAGA TOWN COUNCIL,03,WABULUNGU WARD,04,MUYENGA
181120305,181,MAYUGE,12,MAGAMAGA TOWN COUNCIL,03,WABULUNGU WARD,05,NAKASERO
181120306,181,MAYUGE,12,MAGAMAGA TOWN COUNCIL,03,WABULUNGU WARD,06,NAMUFUNA
181120307,181,MAYUGE,12,MAGAMAGA TOWN COUNCIL,03,WABULUNGU WARD,07,WABULUNGU A
181120401,181,MAYUGE,12,MAGAMAGA TOWN COUNCIL,04,WANDAGO WARD,01,CHURCH OF UGANDA
181120402,181,MAYUGE,12,MAGAMAGA TOWN COUNCIL,04,WANDAGO WARD,02,ISIIKO
181120403,181,MAYUGE,12,MAGAMAGA TOWN COUNCIL,04,WANDAGO WARD,03,WANDAGO A
181120404,181,MAYUGE,12,MAGAMAGA TOWN COUNCIL,04,WANDAGO WARD,04,WANDAGO B
181130101,181,MAYUGE,13,MALONGO,01,BUKATABIRA,01,BUKATABIRA A
181130102,181,MAYUGE,13,MALONGO,01,BUKATABIRA,02,BUKATABIRA B
181130103,181,MAYUGE,13,MALONGO,01,BUKATABIRA,03,NKOLONGO
181130104,181,MAYUGE,13,MALONGO,01,BUKATABIRA,04,NKOLONGO A
181130105,181,MAYUGE,13,MALONGO,01,BUKATABIRA,05,NKOLONGO B
181130106,181,MAYUGE,13,MALONGO,01,BUKATABIRA,06,NKOLONGO C
181130201,181,MAYUGE,13,MALONGO,02,BULUTA,01,BUKAGABO 'A' BEACH
181130202,181,MAYUGE,13,MALONGO,02,BULUTA,02,BUKAGABO 'A' VILLAGE
181130203,181,MAYUGE,13,MALONGO,02,BULUTA,03,BUKAGABO 'B' BEACH
181130204,181,MAYUGE,13,MALONGO,02,BULUTA,04,BUKAGABO 'B' VILLAGE
181130205,181,MAYUGE,13,MALONGO,02,BULUTA,05,BUKAGABO C
181130206,181,MAYUGE,13,MALONGO,02,BULUTA,06,BULUTA A
181130207,181,MAYUGE,13,MALONGO,02,BULUTA,07,BULUTA B
181130208,181,MAYUGE,13,MALONGO,02,BULUTA,08,BULUTA BULAIRE
181130209,181,MAYUGE,13,MALONGO,02,BULUTA,09,BULUTA C
181130210,181,MAYUGE,13,MALONGO,02,BULUTA,10,BULUTA IKOLE
181130211,181,MAYUGE,13,MALONGO,02,BULUTA,11,BULUTA KITOGO
181130212,181,MAYUGE,13,MALONGO,02,BULUTA,12,MALINDI
181130301,181,MAYUGE,13,MALONGO,03,BUMWENA,01,BUGATA
181130302,181,MAYUGE,13,MALONGO,03,BUMWENA,02,BUGOOMA BEACH
181130303,181,MAYUGE,13,MALONGO,03,BUMWENA,03,BULEBI
181130304,181,MAYUGE,13,MALONGO,03,BUMWENA,04,BULUBUDHE
181130305,181,MAYUGE,13,MALONGO,03,BUMWENA,05,BUMWENA A
181130306,181,MAYUGE,13,MALONGO,03,BUMWENA,06,BUMWENA B
181130307,181,MAYUGE,13,MALONGO,03,BUMWENA,07,NAKIGO A
181130308,181,MAYUGE,13,MALONGO,03,BUMWENA,08,NAKIGO B
181130309,181,MAYUGE,13,MALONGO,03,BUMWENA,09,NAMASONKO
181130310,181,MAYUGE,13,MALONGO,03,BUMWENA,10,NAWAMPONGO
181130311,181,MAYUGE,13,MALONGO,03,BUMWENA,11,BWAGU
181130312,181,MAYUGE,13,MALONGO,03,BUMWENA,12,NABWANGU
181130313,181,MAYUGE,13,MALONGO,03,BUMWENA,13,NAKALYANGO
181130314,181,MAYUGE,13,MALONGO,03,BUMWENA,14,BUKIZIBU A
181130315,181,MAYUGE,13,MALONGO,03,BUMWENA,15,BUKIZIBU B
181130316,181,MAYUGE,13,MALONGO,03,BUMWENA,16,BUSAMU
181130401,181,MAYUGE,13,MALONGO,04,MALONGO,01,KABUKA
181130402,181,MAYUGE,13,MALONGO,04,MALONGO,02,KABUKA BEACH
181130403,181,MAYUGE,13,MALONGO,04,MALONGO,03,KAYANJA BEACH
181130404,181,MAYUGE,13,MALONGO,04,MALONGO,04,KAYANJA VILLAGE
181130405,181,MAYUGE,13,MALONGO,04,MALONGO,05,MALONGO A T/C
181130406,181,MAYUGE,13,MALONGO,04,MALONGO,06,MALONGO B
181130407,181,MAYUGE,13,MALONGO,04,MALONGO,07,MALONGO B T/C
181130408,181,MAYUGE,13,MALONGO,04,MALONGO,08,MALONGO C
181130409,181,MAYUGE,13,MALONGO,04,MALONGO,09,MALONGO CENTRAL
181130410,181,MAYUGE,13,MALONGO,04,MALONGO,10,MALONGO D
181130411,181,MAYUGE,13,MALONGO,04,MALONGO,11,MALONGO EAST
181130412,181,MAYUGE,13,MALONGO,04,MALONGO,12,MALONGO INN
181130413,181,MAYUGE,13,MALONGO,04,MALONGO,13,MALONGO NORTH
181130414,181,MAYUGE,13,MALONGO,04,MALONGO,14,MALONGO UPPER
181130415,181,MAYUGE,13,MALONGO,04,MALONGO,15,MALONGO WEST
181130416,181,MAYUGE,13,MALONGO,04,MALONGO,16,MASAKA
181130417,181,MAYUGE,13,MALONGO,04,MALONGO,17,NANGO BEACH
181130418,181,MAYUGE,13,MALONGO,04,MALONGO,18,NANGO VILLAGE
181130501,181,MAYUGE,13,MALONGO,05,NAMADHI,01,NAMADHI A
181130502,181,MAYUGE,13,MALONGO,05,NAMADHI,02,NAMADHI B
181130503,181,MAYUGE,13,MALONGO,05,NAMADHI,03,NAMADHI BEACH
181130504,181,MAYUGE,13,MALONGO,05,NAMADHI,04,NAMADHI C
181130505,181,MAYUGE,13,MALONGO,05,NAMADHI,05,NAMADHI D
181130506,181,MAYUGE,13,MALONGO,05,NAMADHI,06,NAMADHI SOUTH
181130507,181,MAYUGE,13,MALONGO,05,NAMADHI,07,NAMADHI T/C
181130508,181,MAYUGE,13,MALONGO,05,NAMADHI,08,NAMAVUNDHU KYONDO
181130509,181,MAYUGE,13,MALONGO,05,NAMADHI,09,NAMAVUNDHU T/C
181130601,181,MAYUGE,13,MALONGO,06,NAMONI,01,BULUNGU
181130602,181,MAYUGE,13,MALONGO,06,NAMONI,02,MAGOOLA A
181130603,181,MAYUGE,13,MALONGO,06,NAMONI,03,MAGOOLA B
181130604,181,MAYUGE,13,MALONGO,06,NAMONI,04,NAMONI 'A'
181130605,181,MAYUGE,13,MALONGO,06,NAMONI,05,NAMONI 'B'
181130606,181,MAYUGE,13,MALONGO,06,NAMONI,06,NAMONI BEACH
181130607,181,MAYUGE,13,MALONGO,06,NAMONI,07,WAMALA
181140101,181,MAYUGE,14,MAYUGE TOWN COUNCIL,01,IKULWE WARD,01,BUGINGO
181140102,181,MAYUGE,14,MAYUGE TOWN COUNCIL,01,IKULWE WARD,02,IGAMBA A
181140103,181,MAYUGE,14,MAYUGE TOWN COUNCIL,01,IKULWE WARD,03,IGAMBA B
181140104,181,MAYUGE,14,MAYUGE TOWN COUNCIL,01,IKULWE WARD,04,KATWE
181140105,181,MAYUGE,14,MAYUGE TOWN COUNCIL,01,IKULWE WARD,05,TSE-TSE
181140201,181,MAYUGE,14,MAYUGE TOWN COUNCIL,02,KASUGU WARD,01,DWALIRO
181140202,181,MAYUGE,14,MAYUGE TOWN COUNCIL,02,KASUGU WARD,02,KASUGU 'A'
181140203,181,MAYUGE,14,MAYUGE TOWN COUNCIL,02,KASUGU WARD,03,KASUGU 'B'
181140301,181,MAYUGE,14,MAYUGE TOWN COUNCIL,03,KAVULE WARD,01,BUDHEBERA
181140302,181,MAYUGE,14,MAYUGE TOWN COUNCIL,03,KAVULE WARD,02,DFI
181140303,181,MAYUGE,14,MAYUGE TOWN COUNCIL,03,KAVULE WARD,03,KAVULE
181140304,181,MAYUGE,14,MAYUGE TOWN COUNCIL,03,KAVULE WARD,04,MAYUGE CENTRAL
181140401,181,MAYUGE,14,MAYUGE TOWN COUNCIL,04,KYEBANDO WARD,01,KYEBANDO
181140402,181,MAYUGE,14,MAYUGE TOWN COUNCIL,04,KYEBANDO WARD,02,NAKABAFU
181140403,181,MAYUGE,14,MAYUGE TOWN COUNCIL,04,KYEBANDO WARD,03,ST. MULUMBA
181140404,181,MAYUGE,14,MAYUGE TOWN COUNCIL,04,KYEBANDO WARD,04,WAKALENDE
181150101,181,MAYUGE,15,MPUNGWE,01,BUYERE,01,BUGUWA
181150102,181,MAYUGE,15,MPUNGWE,01,BUYERE,02,BUYERE
181150103,181,MAYUGE,15,MPUNGWE,01,BUYERE,03,MUSIMA
181150104,181,MAYUGE,15,MPUNGWE,01,BUYERE,04,MUSITA
181150105,181,MAYUGE,15,MPUNGWE,01,BUYERE,05,NAKITAMU
181150201,181,MAYUGE,15,MPUNGWE,02,MAINA,01,BUSU
181150202,181,MAYUGE,15,MPUNGWE,02,MAINA,02,KABERE
181150203,181,MAYUGE,15,MPUNGWE,02,MAINA,03,KYETE
181150204,181,MAYUGE,15,MPUNGWE,02,MAINA,04,MAINA
181150205,181,MAYUGE,15,MPUNGWE,02,MAINA,05,MWEZI
181150301,181,MAYUGE,15,MPUNGWE,03,MUGGI,01,BUWANUKA
181150302,181,MAYUGE,15,MPUNGWE,03,MUGGI,02,KASOKWE
181150303,181,MAYUGE,15,MPUNGWE,03,MUGGI,03,MPUNGWE
181150304,181,MAYUGE,15,MPUNGWE,03,MUGGI,04,MUGGI
181150401,181,MAYUGE,15,MPUNGWE,04,WAIRAMA,01,BULYANGADA
181150402,181,MAYUGE,15,MPUNGWE,04,WAIRAMA,02,BUWALIRA
181150403,181,MAYUGE,15,MPUNGWE,04,WAIRAMA,03,KASUTAIME
181150404,181,MAYUGE,15,MPUNGWE,04,WAIRAMA,04,MAWUMU
181150405,181,MAYUGE,15,MPUNGWE,04,WAIRAMA,05,MPUMU
181150406,181,MAYUGE,15,MPUNGWE,04,WAIRAMA,06,MUNYONYI
181150407,181,MAYUGE,15,MPUNGWE,04,WAIRAMA,07,NAWANKOLE
181150408,181,MAYUGE,15,MPUNGWE,04,WAIRAMA,08,WAIRAMA
181150501,181,MAYUGE,15,MPUNGWE,05,WAMULONGO,01,BUSWIKIRA
181150502,181,MAYUGE,15,MPUNGWE,05,WAMULONGO,02,MAKOOVA
181150503,181,MAYUGE,15,MPUNGWE,05,WAMULONGO,03,NAMATOOKE
181150504,181,MAYUGE,15,MPUNGWE,05,WAMULONGO,04,WAMULONGO
181150505,181,MAYUGE,15,MPUNGWE,05,WAMULONGO,05,WANDAWA
181160101,181,MAYUGE,16,WAIRASA,01,BUSUYI,01,BUGABWE
181160102,181,MAYUGE,16,WAIRASA,01,BUSUYI,02,BUSOWANIRE
181160103,181,MAYUGE,16,WAIRASA,01,BUSUYI,03,BUSUYI
181160104,181,MAYUGE,16,WAIRASA,01,BUSUYI,04,BUYEMBA
181160105,181,MAYUGE,16,WAIRASA,01,BUSUYI,05,KASITA
181160201,181,MAYUGE,16,WAIRASA,02,IGULUIBI,01,IGULUIBI A
181160202,181,MAYUGE,16,WAIRASA,02,IGULUIBI,02,IGULUIBI B
181160203,181,MAYUGE,16,WAIRASA,02,IGULUIBI,03,NTOKOLO
181160204,181,MAYUGE,16,WAIRASA,02,IGULUIBI,04,WAIBALE
181160301,181,MAYUGE,16,WAIRASA,03,MISOLI,01,BUSALAMU
181160302,181,MAYUGE,16,WAIRASA,03,MISOLI,02,MISOOLI BEACH
181160303,181,MAYUGE,16,WAIRASA,03,MISOLI,03,MISOOLI TRADING CENTRE
181160304,181,MAYUGE,16,WAIRASA,03,MISOLI,04,MISOOLI VILLAGE
181160305,181,MAYUGE,16,WAIRASA,03,MISOLI,05,NTINKALU
181160401,181,MAYUGE,16,WAIRASA,04,WANDAGO,01,BUWANGA/LUGWARA QTRS
181160402,181,MAYUGE,16,WAIRASA,04,WANDAGO,02,NAMALERE
181160403,181,MAYUGE,16,WAIRASA,04,WANDAGO,03,WAIRASA
124010101,124,BUSIA,01,BUHEHE,01,BUHASABA,01,BUCHAKI 'A'
124010102,124,BUSIA,01,BUHEHE,01,BUHASABA,02,BUCHAKI 'B'
124010103,124,BUSIA,01,BUHEHE,01,BUHASABA,03,BUHAMUNA
124010104,124,BUSIA,01,BUHEHE,01,BUHASABA,04,BUHASABA
124010105,124,BUSIA,01,BUHEHE,01,BUHASABA,05,BUJWANGA
124010106,124,BUSIA,01,BUHEHE,01,BUHASABA,06,BULAMBA 'A'
124010107,124,BUSIA,01,BUHEHE,01,BUHASABA,07,BULAMBA 'B'
124010108,124,BUSIA,01,BUHEHE,01,BUHASABA,08,BULWANI
124010109,124,BUSIA,01,BUHEHE,01,BUHASABA,09,BUSITENGE
124010110,124,BUSIA,01,BUHEHE,01,BUHASABA,10,BUSYEKUNYA
124010111,124,BUSIA,01,BUHEHE,01,BUHASABA,11,DAKHA
124010112,124,BUSIA,01,BUHEHE,01,BUHASABA,12,HABONDI
124010113,124,BUSIA,01,BUHEHE,01,BUHASABA,13,MADIBIRA
124010114,124,BUSIA,01,BUHEHE,01,BUHASABA,14,MAGOMBE
124010115,124,BUSIA,01,BUHEHE,01,BUHASABA,15,MUHOHO
124010116,124,BUSIA,01,BUHEHE,01,BUHASABA,16,MUKWANYA
124010117,124,BUSIA,01,BUHEHE,01,BUHASABA,17,MUNONGO
124010118,124,BUSIA,01,BUHEHE,01,BUHASABA,18,SEME 'A'
124010119,124,BUSIA,01,BUHEHE,01,BUHASABA,19,SEME 'B'
124010120,124,BUSIA,01,BUHEHE,01,BUHASABA,20,SIGALA
124010121,124,BUSIA,01,BUHEHE,01,BUHASABA,21,SIRIKANO
124010122,124,BUSIA,01,BUHEHE,01,BUHASABA,22,SYANGOSIA
124010201,124,BUSIA,01,BUHEHE,02,BUHEHE,01,BUDIBYA
124010202,124,BUSIA,01,BUHEHE,02,BUHEHE,02,BUDUMA
124010203,124,BUSIA,01,BUHEHE,02,BUHEHE,03,BUGUNDUHIRA
124010204,124,BUSIA,01,BUHEHE,02,BUHEHE,04,BUNYADETI
124010205,124,BUSIA,01,BUHEHE,02,BUHEHE,05,BUNYAUDO
124010206,124,BUSIA,01,BUHEHE,02,BUHEHE,06,BUNYIDE
124010207,124,BUSIA,01,BUHEHE,02,BUHEHE,07,BUWOLIA 'A'
124010208,124,BUSIA,01,BUHEHE,02,BUHEHE,08,BUWOLIA 'B'
124010209,124,BUSIA,01,BUHEHE,02,BUHEHE,09,BWANI
124010210,124,BUSIA,01,BUHEHE,02,BUHEHE,10,KATERUHANA EAST
124010211,124,BUSIA,01,BUHEHE,02,BUHEHE,11,KATERUHANA WEST
124010212,124,BUSIA,01,BUHEHE,02,BUHEHE,12,LUHALALI
124010213,124,BUSIA,01,BUHEHE,02,BUHEHE,13,MAGINA
124010214,124,BUSIA,01,BUHEHE,02,BUHEHE,14,MAUKO
124010215,124,BUSIA,01,BUHEHE,02,BUHEHE,15,MUHONDO
124010216,124,BUSIA,01,BUHEHE,02,BUHEHE,16,MUSOHE
124010217,124,BUSIA,01,BUHEHE,02,BUHEHE,17,NAMUSUBA
124010218,124,BUSIA,01,BUHEHE,02,BUHEHE,18,NANGODO 'A'
124010219,124,BUSIA,01,BUHEHE,02,BUHEHE,19,NANGODO 'B'
124010220,124,BUSIA,01,BUHEHE,02,BUHEHE,20,NANJEHO
124010221,124,BUSIA,01,BUHEHE,02,BUHEHE,21,NDOLI 'A'
124010222,124,BUSIA,01,BUHEHE,02,BUHEHE,22,NDOLI 'B'
124010223,124,BUSIA,01,BUHEHE,02,BUHEHE,23,SISUMO
124010301,124,BUSIA,01,BUHEHE,03,BULWENGE,01,BUGENGI
124010302,124,BUSIA,01,BUHEHE,03,BULWENGE,02,BUJWANGA
124010303,124,BUSIA,01,BUHEHE,03,BULWENGE,03,BUKWALA
124010304,124,BUSIA,01,BUHEHE,03,BULWENGE,04,BUSIERA
124010305,124,BUSIA,01,BUHEHE,03,BULWENGE,05,BUUMA
124010306,124,BUSIA,01,BUHEHE,03,BULWENGE,06,BUYUHA
124010307,124,BUSIA,01,BUHEHE,03,BULWENGE,07,GONDOHERA
124010308,124,BUSIA,01,BUHEHE,03,BULWENGE,08,GUNDA
124010309,124,BUSIA,01,BUHEHE,03,BULWENGE,09,MAHOLA
124010310,124,BUSIA,01,BUHEHE,03,BULWENGE,10,MALANGA
124010311,124,BUSIA,01,BUHEHE,03,BULWENGE,11,MAWANGA
124010312,124,BUSIA,01,BUHEHE,03,BULWENGE,12,MUDIHO
124010313,124,BUSIA,01,BUHEHE,03,BULWENGE,13,MUGANIRO
124010314,124,BUSIA,01,BUHEHE,03,BULWENGE,14,SIBONA
124010315,124,BUSIA,01,BUHEHE,03,BULWENGE,15,MAANGA
124020101,124,BUSIA,02,BULUMBI,01,BUBANGO,01,BUBANGO
124020102,124,BUSIA,02,BULUMBI,01,BUBANGO,02,BUBOLWA 'A'
124020103,124,BUSIA,02,BULUMBI,01,BUBANGO,03,BUBOLWA 'B'
124020104,124,BUSIA,02,BULUMBI,01,BUBANGO,04,BUBOLWA CENTRAL
124020105,124,BUSIA,02,BULUMBI,01,BUBANGO,05,HAMASANJA
124020106,124,BUSIA,02,BULUMBI,01,BUBANGO,06,MUKERA
124020107,124,BUSIA,02,BULUMBI,01,BUBANGO,07,NAMUTERE
124020108,124,BUSIA,02,BULUMBI,01,BUBANGO,08,NANJERE
124020109,124,BUSIA,02,BULUMBI,01,BUBANGO,09,NASIKWALI
124020110,124,BUSIA,02,BULUMBI,01,BUBANGO,10,FOREST RESERVE
124020111,124,BUSIA,02,BULUMBI,01,BUBANGO,11,NANGERA
124020201,124,BUSIA,02,BULUMBI,02,BUHOBE,01,BUHACHA
124020202,124,BUSIA,02,BULUMBI,02,BUHOBE,02,BUHAULI A
124020203,124,BUSIA,02,BULUMBI,02,BUHOBE,03,BUHAULI B
124020204,124,BUSIA,02,BULUMBI,02,BUHOBE,04,BUHAULI C
124020205,124,BUSIA,02,BULUMBI,02,BUHOBE,05,BUHOBE
124020206,124,BUSIA,02,BULUMBI,02,BUHOBE,06,BUKABI
124020207,124,BUSIA,02,BULUMBI,02,BUHOBE,07,BUSINYWA
124020208,124,BUSIA,02,BULUMBI,02,BUHOBE,08,BUSYAHUBA
124020209,124,BUSIA,02,BULUMBI,02,BUHOBE,09,BUTOMERA
124020210,124,BUSIA,02,BULUMBI,02,BUHOBE,10,BUTONGI
124020211,124,BUSIA,02,BULUMBI,02,BUHOBE,11,BUWANDIRA
124020212,124,BUSIA,02,BULUMBI,02,BUHOBE,12,WAMUSWI
124020301,124,BUSIA,02,BULUMBI,03,BUHUMI,01,BUHONE
124020302,124,BUSIA,02,BULUMBI,03,BUHUMI,02,NAMUNGODI T/C
124020303,124,BUSIA,02,BULUMBI,03,BUHUMI,03,SIDIMBIRE
124030101,124,BUSIA,03,BUSIME,01,BUSIME,01,BUBO 'A'
124030102,124,BUSIA,03,BUSIME,01,BUSIME,02,BUBO 'B'
124030103,124,BUSIA,03,BUSIME,01,BUSIME,03,BURWODO
124030104,124,BUSIA,03,BUSIME,01,BUSIME,04,BUSIME
124030105,124,BUSIA,03,BUSIME,01,BUSIME,05,LUKABA
124030106,124,BUSIA,03,BUSIME,01,BUSIME,06,MAHOMA
124030107,124,BUSIA,03,BUSIME,01,BUSIME,07,NAMAMERA
124030108,124,BUSIA,03,BUSIME,01,BUSIME,08,SIFUGWE
124030201,124,BUSIA,03,BUSIME,02,BWANIHA,01,BUBAMBA 'A'
124030202,124,BUSIA,03,BUSIME,02,BWANIHA,02,BUBAMBA 'B'
124030203,124,BUSIA,03,BUSIME,02,BWANIHA,03,BUDECHO
124030204,124,BUSIA,03,BUSIME,02,BWANIHA,04,BUDONGA
124030205,124,BUSIA,03,BUSIME,02,BWANIHA,05,BULOOSI
124030206,124,BUSIA,03,BUSIME,02,BWANIHA,06,BWALIRO
124030207,124,BUSIA,03,BUSIME,02,BWANIHA,07,BWANIHA
124030208,124,BUSIA,03,BUSIME,02,BWANIHA,08,DAKHA 'A'
124030209,124,BUSIA,03,BUSIME,02,BWANIHA,09,DAKHA 'B'
124030210,124,BUSIA,03,BUSIME,02,BWANIHA,10,NAGUBIMBI
124030301,124,BUSIA,03,BUSIME,03,MUNDINDI,01,BUYOMBOHI
124030302,124,BUSIA,03,BUSIME,03,MUNDINDI,02,LWALA A
124030303,124,BUSIA,03,BUSIME,03,MUNDINDI,03,LWALA B
124030304,124,BUSIA,03,BUSIME,03,MUNDINDI,04,MASEBE
124030305,124,BUSIA,03,BUSIME,03,MUNDINDI,05,MUNDINDI A
124030306,124,BUSIA,03,BUSIME,03,MUNDINDI,06,MUNDINDI B
124030307,124,BUSIA,03,BUSIME,03,MUNDINDI,07,MUNYANJO
124030308,124,BUSIA,03,BUSIME,03,MUNDINDI,08,NAMBENGERE
124030309,124,BUSIA,03,BUSIME,03,MUNDINDI,09,NANJESE
124030310,124,BUSIA,03,BUSIME,03,MUNDINDI,10,SIBODOHI
124030311,124,BUSIA,03,BUSIME,03,MUNDINDI,11,SIHUBIRA
124030401,124,BUSIA,03,BUSIME,04,RUKAKA,01,BUDIBBO
124030402,124,BUSIA,03,BUSIME,04,RUKAKA,02,BUHANGA
124030403,124,BUSIA,03,BUSIME,04,RUKAKA,03,BULUKUYI
124030404,124,BUSIA,03,BUSIME,04,RUKAKA,04,BUSAHI
124030405,124,BUSIA,03,BUSIME,04,RUKAKA,05,BUTANGASI
124030406,124,BUSIA,03,BUSIME,04,RUKAKA,06,BUTEGE
124030407,124,BUSIA,03,BUSIME,04,RUKAKA,07,DUDDI
124030408,124,BUSIA,03,BUSIME,04,RUKAKA,08,LULONDA
124030409,124,BUSIA,03,BUSIME,04,RUKAKA,09,LUMULI
124030410,124,BUSIA,03,BUSIME,04,RUKAKA,10,NDEGERO
124030411,124,BUSIA,03,BUSIME,04,RUKAKA,11,RUKAKA
124040101,124,BUSIA,04,BUSITEMA,01,BUSITEMA,01,BUSITEMA COLLEGE
124040102,124,BUSIA,04,BUSITEMA,01,BUSITEMA,02,BUYALA
124040103,124,BUSIA,04,BUSITEMA,01,BUSITEMA,03,KANJO
124040104,124,BUSIA,04,BUSITEMA,01,BUSITEMA,04,MAKINA A
124040105,124,BUSIA,04,BUSITEMA,01,BUSITEMA,05,MAKINA B
124040106,124,BUSIA,04,BUSITEMA,01,BUSITEMA,06,NANGUDI
124040107,124,BUSIA,04,BUSITEMA,01,BUSITEMA,07,NGOCHI
124040108,124,BUSIA,04,BUSITEMA,01,BUSITEMA,08,SYAULE
124040201,124,BUSIA,04,BUSITEMA,02,CHAWO,01,BUGAYI
124040202,124,BUSIA,04,BUSITEMA,02,CHAWO,02,BULAMBA
124040203,124,BUSIA,04,BUSITEMA,02,CHAWO,03,BUSABI
124040204,124,BUSIA,04,BUSITEMA,02,CHAWO,04,BUSIRE
124040205,124,BUSIA,04,BUSITEMA,02,CHAWO,05,BUWUCHI
124040206,124,BUSIA,04,BUSITEMA,02,CHAWO,06,BUYEMBA
124040207,124,BUSIA,04,BUSITEMA,02,CHAWO,07,AMONIKAKINEI FOREST RESERVE
124040301,124,BUSIA,04,BUSITEMA,03,HABULEKE,01,BUBALYA
124040302,124,BUSIA,04,BUSITEMA,03,HABULEKE,02,HABULEKE
124040303,124,BUSIA,04,BUSITEMA,03,HABULEKE,03,HAMULI
124040304,124,BUSIA,04,BUSITEMA,03,HABULEKE,04,MBATU
124040305,124,BUSIA,04,BUSITEMA,03,HABULEKE,05,NAMAYENJE
124040306,124,BUSIA,04,BUSITEMA,03,HABULEKE,06,NAMUWO
124040307,124,BUSIA,04,BUSITEMA,03,HABULEKE,07,SILENGIRIRE
124040308,124,BUSIA,04,BUSITEMA,03,HABULEKE,08,WEST BUGWE FOREST RESERVE
124040401,124,BUSIA,04,BUSITEMA,04,SYANYONJA,01,BUSITEMA T/C
124040402,124,BUSIA,04,BUSITEMA,04,SYANYONJA,02,MANYANYA
124040403,124,BUSIA,04,BUSITEMA,04,SYANYONJA,03,NAMBEWO
124040404,124,BUSIA,04,BUSITEMA,04,SYANYONJA,04,NAMUKOMBE
124040405,124,BUSIA,04,BUSITEMA,04,SYANYONJA,05,SYANYONJA
124050101,124,BUSIA,05,BUTEBA,01,ABOCHET,01,ABOCHET 'A'
124050102,124,BUSIA,05,BUTEBA,01,ABOCHET,02,ABOCHET 'B'
124050103,124,BUSIA,05,BUTEBA,01,ABOCHET,03,AKOBWAIT
124050104,124,BUSIA,05,BUTEBA,01,ABOCHET,04,OKAME ABOCHET
124050105,124,BUSIA,05,BUTEBA,01,ABOCHET,05,OMANYE
124050106,124,BUSIA,05,BUTEBA,01,ABOCHET,06,OSAPIRI
124050107,124,BUSIA,05,BUTEBA,01,ABOCHET,07,TIIRA
124050201,124,BUSIA,05,BUTEBA,02,AMONEKAKINEI,01,ACHILET
124050202,124,BUSIA,05,BUTEBA,02,AMONEKAKINEI,02,AGAATA
124050203,124,BUSIA,05,BUTEBA,02,AMONEKAKINEI,03,AKISIM
124050204,124,BUSIA,05,BUTEBA,02,AMONEKAKINEI,04,AMONIKAKINEI
124050205,124,BUSIA,05,BUTEBA,02,AMONEKAKINEI,05,AMUNUOIT
124050206,124,BUSIA,05,BUTEBA,02,AMONEKAKINEI,06,ANGOLOL
124050207,124,BUSIA,05,BUTEBA,02,AMONEKAKINEI,07,ANGOROM
124050208,124,BUSIA,05,BUTEBA,02,AMONEKAKINEI,08,OKAME
124050301,124,BUSIA,05,BUTEBA,03,BUTEBA,01,KAREU
124050302,124,BUSIA,05,BUTEBA,03,BUTEBA,02,KATEK 'A'
124050303,124,BUSIA,05,BUTEBA,03,BUTEBA,03,KATEK 'B'
124050304,124,BUSIA,05,BUTEBA,03,BUTEBA,04,KATEK 'C'
124050305,124,BUSIA,05,BUTEBA,03,BUTEBA,05,KAYORO 'A'
124050306,124,BUSIA,05,BUTEBA,03,BUTEBA,06,KAYORO 'B'
124050307,124,BUSIA,05,BUTEBA,03,BUTEBA,07,KISOLE 'A'
124050308,124,BUSIA,05,BUTEBA,03,BUTEBA,08,KISOLE 'B'
124050309,124,BUSIA,05,BUTEBA,03,BUTEBA,09,MANAKOR 'A'
124050310,124,BUSIA,05,BUTEBA,03,BUTEBA,10,MANAKOR 'B'
124050311,124,BUSIA,05,BUTEBA,03,BUTEBA,11,MANAKOR 'C'
124050312,124,BUSIA,05,BUTEBA,03,BUTEBA,12,RARAK 'A'
124050313,124,BUSIA,05,BUTEBA,03,BUTEBA,13,RARAK 'B'
124050401,124,BUSIA,05,BUTEBA,04,MAWERO,01,AGORAITA
124050402,124,BUSIA,05,BUTEBA,04,MAWERO,02,AKIPENET
124050403,124,BUSIA,05,BUTEBA,04,MAWERO,03,ALUPE
124050404,124,BUSIA,05,BUTEBA,04,MAWERO,04,AMAGORO
124050405,124,BUSIA,05,BUTEBA,04,MAWERO,05,OKAME AMAGORO
124060101,124,BUSIA,06,BUYANGA,01,BUKHUBALO,01,BUBOLWA EAST
124060102,124,BUSIA,06,BUYANGA,01,BUKHUBALO,02,BUBOLWA WEST
124060103,124,BUSIA,06,BUYANGA,01,BUKHUBALO,03,BULAKO
124060104,124,BUSIA,06,BUYANGA,01,BUKHUBALO,04,BUTANDE
124060105,124,BUSIA,06,BUYANGA,01,BUKHUBALO,05,BUWUNJE
124060106,124,BUSIA,06,BUYANGA,01,BUKHUBALO,06,BUYENGWE
124060107,124,BUSIA,06,BUYANGA,01,BUKHUBALO,07,LULONDA EAST
124060108,124,BUSIA,06,BUYANGA,01,BUKHUBALO,08,LULONDA WEST
124060109,124,BUSIA,06,BUYANGA,01,BUKHUBALO,09,NAHABALE
124060110,124,BUSIA,06,BUYANGA,01,BUKHUBALO,10,NAMBWA
124060111,124,BUSIA,06,BUYANGA,01,BUKHUBALO,11,NANYONI
124060201,124,BUSIA,06,BUYANGA,02,BUSIBEMBE,01,BUDIBYA
124060202,124,BUSIA,06,BUYANGA,02,BUSIBEMBE,02,BUDUTA
124060203,124,BUSIA,06,BUYANGA,02,BUSIBEMBE,03,BUHERA
124060204,124,BUSIA,06,BUYANGA,02,BUSIBEMBE,04,BUHEREBULA
124060205,124,BUSIA,06,BUYANGA,02,BUSIBEMBE,05,BUSIBEMBE
124060206,124,BUSIA,06,BUYANGA,02,BUSIBEMBE,06,BUWUKU
124060207,124,BUSIA,06,BUYANGA,02,BUSIBEMBE,07,BUYANGA
124060208,124,BUSIA,06,BUYANGA,02,BUSIBEMBE,08,HADWALE
124060209,124,BUSIA,06,BUYANGA,02,BUSIBEMBE,09,HALYACHO
124060210,124,BUSIA,06,BUYANGA,02,BUSIBEMBE,10,HANGOCHWE
124060211,124,BUSIA,06,BUYANGA,02,BUSIBEMBE,11,BUHERABULA 'B'
124060301,124,BUSIA,06,BUYANGA,03,BUWEMBE,01,BUMIRAMBAKO
124060302,124,BUSIA,06,BUYANGA,03,BUWEMBE,02,BUSEMBE EAST
124060303,124,BUSIA,06,BUYANGA,03,BUWEMBE,03,BUSEMBE WEST
124060304,124,BUSIA,06,BUYANGA,03,BUWEMBE,04,BUWEMBE
124060305,124,BUSIA,06,BUYANGA,03,BUWEMBE,05,BUYENDE
124060306,124,BUSIA,06,BUYANGA,03,BUWEMBE,06,LULAKA
124060307,124,BUSIA,06,BUYANGA,03,BUWEMBE,07,NABAHASI
124060308,124,BUSIA,06,BUYANGA,03,BUWEMBE,08,SYONGA
124060401,124,BUSIA,06,BUYANGA,04,BUYUNDA,01,BUBWOHI
124060402,124,BUSIA,06,BUYANGA,04,BUYUNDA,02,BUHALALIRE
124060403,124,BUSIA,06,BUYANGA,04,BUYUNDA,03,BUHALALIRE WEST
124060404,124,BUSIA,06,BUYANGA,04,BUYUNDA,04,BUHONGE 'A'
124060405,124,BUSIA,06,BUYANGA,04,BUYUNDA,05,BUHONGE 'B'
124060406,124,BUSIA,06,BUYANGA,04,BUYUNDA,06,BUHONGE CENTRAL
124060407,124,BUSIA,06,BUYANGA,04,BUYUNDA,07,BUSIGUMBA
124060408,124,BUSIA,06,BUYANGA,04,BUYUNDA,08,BUSIGUMBA WEST
124060409,124,BUSIA,06,BUYANGA,04,BUYUNDA,09,BUWANGA 'A'
124060410,124,BUSIA,06,BUYANGA,04,BUYUNDA,10,BUWANGA 'B'
124060411,124,BUSIA,06,BUYANGA,04,BUYUNDA,11,MAGALE
124070101,124,BUSIA,07,DABANI,01,BUSIA,01,BUGUNDUHIRA 'A'
124070102,124,BUSIA,07,DABANI,01,BUSIA,02,BUGUNDUHIRA 'B'
124070103,124,BUSIA,07,DABANI,01,BUSIA,03,BUSIWONDO 'A'
124070104,124,BUSIA,07,DABANI,01,BUSIA,04,BUSIWONDO 'B'
124070105,124,BUSIA,07,DABANI,01,BUSIA,05,HAWADUNGA EAST
124070106,124,BUSIA,07,DABANI,01,BUSIA,06,HAWADUNGA WEST
124070107,124,BUSIA,07,DABANI,01,BUSIA,07,MAYOMBE
124070108,124,BUSIA,07,DABANI,01,BUSIA,08,NABUWAMBO NORTH
124070109,124,BUSIA,07,DABANI,01,BUSIA,09,NABUWAMBO SOUTH
124070110,124,BUSIA,07,DABANI,01,BUSIA,10,NAMAUBI 'A'
124070111,124,BUSIA,07,DABANI,01,BUSIA,11,NAMAUBI 'B'
124070112,124,BUSIA,07,DABANI,01,BUSIA,12,SIBARARA NORTH
124070113,124,BUSIA,07,DABANI,01,BUSIA,13,SIBARARA SOUTH
124070114,124,BUSIA,07,DABANI,01,BUSIA,14,SYAMITUMBA EAST
124070115,124,BUSIA,07,DABANI,01,BUSIA,15,SYAMITUMBA WEST
124070201,124,BUSIA,07,DABANI,02,BUWUMBA,01,BUKANGA NORTH
124070202,124,BUSIA,07,DABANI,02,BUWUMBA,02,BUKANGA SOUTH
124070203,124,BUSIA,07,DABANI,02,BUWUMBA,03,BUKEMO
124070204,124,BUSIA,07,DABANI,02,BUWUMBA,04,BUMAKWA 'A'
124070205,124,BUSIA,07,DABANI,02,BUWUMBA,05,BUWAWO
124070206,124,BUSIA,07,DABANI,02,BUWUMBA,06,BUWUMBA
124070207,124,BUSIA,07,DABANI,02,BUWUMBA,07,BUYAYA
124070208,124,BUSIA,07,DABANI,02,BUWUMBA,08,BUYUNI
124070209,124,BUSIA,07,DABANI,02,BUWUMBA,09,SIKADA
124070210,124,BUSIA,07,DABANI,02,BUWUMBA,10,BUMAKWA 'B'
124070301,124,BUSIA,07,DABANI,03,BUYENGO,01,BUSUMBA 'A'
124070302,124,BUSIA,07,DABANI,03,BUYENGO,02,BUSUMBA 'B'
124070303,124,BUSIA,07,DABANI,03,BUYENGO,03,BUYENGO A
124070304,124,BUSIA,07,DABANI,03,BUYENGO,04,BUYENGO B
124070305,124,BUSIA,07,DABANI,03,BUYENGO,05,LUGEGA
124070306,124,BUSIA,07,DABANI,03,BUYENGO,06,MALOMBA
124070307,124,BUSIA,07,DABANI,03,BUYENGO,07,MUMULI
124070308,124,BUSIA,07,DABANI,03,BUYENGO,08,YAALA
124070401,124,BUSIA,07,DABANI,04,DABANI,01,BUCHIWEDO A
124070402,124,BUSIA,07,DABANI,04,DABANI,02,BUCHIWEDO B
124070403,124,BUSIA,07,DABANI,04,DABANI,03,BUCHIWEDO C
124070404,124,BUSIA,07,DABANI,04,DABANI,04,BUSABALE A
124070405,124,BUSIA,07,DABANI,04,DABANI,05,BUSABALE B
124070406,124,BUSIA,07,DABANI,04,DABANI,06,BUWUMA A
124070407,124,BUSIA,07,DABANI,04,DABANI,07,BUWUMA B
124070408,124,BUSIA,07,DABANI,04,DABANI,08,DABANI A
124070409,124,BUSIA,07,DABANI,04,DABANI,09,DABANI B
124070410,124,BUSIA,07,DABANI,04,DABANI,10,DABANI EAST
124070411,124,BUSIA,07,DABANI,04,DABANI,11,DABANI WEST
124070412,124,BUSIA,07,DABANI,04,DABANI,12,MULULUMBI A
124070413,124,BUSIA,07,DABANI,04,DABANI,13,MULULUMBI B
124070501,124,BUSIA,07,DABANI,05,NANGWE,01,BUSUMBA A
124070502,124,BUSIA,07,DABANI,05,NANGWE,02,BUSUMBA B
124070503,124,BUSIA,07,DABANI,05,NANGWE,03,MUNDAA 'A'
124070504,124,BUSIA,07,DABANI,05,NANGWE,04,MUNDAA 'B'
124070505,124,BUSIA,07,DABANI,05,NANGWE,05,NANDERE
124070506,124,BUSIA,07,DABANI,05,NANGWE,06,NANGWE 'A'
124070507,124,BUSIA,07,DABANI,05,NANGWE,07,NANGWE 'B'
124070508,124,BUSIA,07,DABANI,05,NANGWE,08,NANGWE NORTH
124070509,124,BUSIA,07,DABANI,05,NANGWE,09,NANGWE SOUTH
124080101,124,BUSIA,08,EASTERN DIVISION,01,CENTRAL WARD,01,NANGWE CUSTOMS ROAD 'A'
124080102,124,BUSIA,08,EASTERN DIVISION,01,CENTRAL WARD,02,NANGWE CUSTOMS ROAD 'B'
124080103,124,BUSIA,08,EASTERN DIVISION,01,CENTRAL WARD,03,NANGWE MUGUNGU 'A'
124080104,124,BUSIA,08,EASTERN DIVISION,01,CENTRAL WARD,04,NANGWE MUGUNGU 'B'
124080201,124,BUSIA,08,EASTERN DIVISION,02,NORTH C WARD,01,MAWERO EAST 'A'
124080202,124,BUSIA,08,EASTERN DIVISION,02,NORTH C WARD,02,MAWERO EAST 'B'
124080301,124,BUSIA,08,EASTERN DIVISION,03,NORTH EAST A WARD,01,ARUBAINE 'A'
124080302,124,BUSIA,08,EASTERN DIVISION,03,NORTH EAST A WARD,02,ARUBAINE 'B'
124080401,124,BUSIA,08,EASTERN DIVISION,04,NORTH EAST B WARD,01,SOFIA 'A'
124080402,124,BUSIA,08,EASTERN DIVISION,04,NORTH EAST B WARD,02,SOFIA 'B'
124080501,124,BUSIA,08,EASTERN DIVISION,05,SOUTH EAST WARD,01,MARACHI 'A'
124080502,124,BUSIA,08,EASTERN DIVISION,05,SOUTH EAST WARD,02,MARACHI 'B'
124080503,124,BUSIA,08,EASTERN DIVISION,05,SOUTH EAST WARD,03,MARACHI 'C'
124080504,124,BUSIA,08,EASTERN DIVISION,05,SOUTH EAST WARD,04,MARACHI 'D'
124090101,124,BUSIA,09,LUMINO,01,BUDIMO,01,BUDIBYA
124090102,124,BUSIA,09,LUMINO,01,BUDIMO,02,BUDIMO 'A'
124090103,124,BUSIA,09,LUMINO,01,BUDIMO,03,BUDIMO 'B'
124090104,124,BUSIA,09,LUMINO,01,BUDIMO,04,BUDIMO 'C'
124090105,124,BUSIA,09,LUMINO,01,BUDIMO,05,BUDIMO 'D'
124090106,124,BUSIA,09,LUMINO,01,BUDIMO,06,BUKOBE A
124090107,124,BUSIA,09,LUMINO,01,BUDIMO,07,BUKOBE B
124090108,124,BUSIA,09,LUMINO,01,BUDIMO,08,NAMUSENDA C
124090201,124,BUSIA,09,LUMINO,02,HASYULE,01,BUGATI
124090202,124,BUSIA,09,LUMINO,02,HASYULE,02,BUKANI
124090203,124,BUSIA,09,LUMINO,02,HASYULE,03,HASYULE A
124090204,124,BUSIA,09,LUMINO,02,HASYULE,04,HASYULE B
124090205,124,BUSIA,09,LUMINO,02,HASYULE,05,NABOLOLA 'A'
124090206,124,BUSIA,09,LUMINO,02,HASYULE,06,NAMUSENDA
124090207,124,BUSIA,09,LUMINO,02,HASYULE,07,NAMUSENDA B
124090208,124,BUSIA,09,LUMINO,02,HASYULE,08,NEBOLOLA 'B'
124090301,124,BUSIA,09,LUMINO,03,LUMINO,01,BUBBALA 'B'
124090302,124,BUSIA,09,LUMINO,03,LUMINO,02,BUYODI
124090303,124,BUSIA,09,LUMINO,03,LUMINO,03,NANDWA A
124090304,124,BUSIA,09,LUMINO,03,LUMINO,04,NANDWA C
124100101,124,BUSIA,10,LUMINO-MAJANJI TOWN COU,01,JINJA WARD,01,BUCHWERE
124100102,124,BUSIA,10,LUMINO-MAJANJI TOWN COU,01,JINJA WARD,02,BUDALANGI A
124100103,124,BUSIA,10,LUMINO-MAJANJI TOWN COU,01,JINJA WARD,03,BUDALANGI B
124100104,124,BUSIA,10,LUMINO-MAJANJI TOWN COU,01,JINJA WARD,04,BUTALA A
124100105,124,BUSIA,10,LUMINO-MAJANJI TOWN COU,01,JINJA WARD,05,BUTALA B
124100106,124,BUSIA,10,LUMINO-MAJANJI TOWN COU,01,JINJA WARD,06,BWERERO A
124100107,124,BUSIA,10,LUMINO-MAJANJI TOWN COU,01,JINJA WARD,07,BWERERO B
124100108,124,BUSIA,10,LUMINO-MAJANJI TOWN COU,01,JINJA WARD,08,DOMA A
124100109,124,BUSIA,10,LUMINO-MAJANJI TOWN COU,01,JINJA WARD,09,DOMA B
124100110,124,BUSIA,10,LUMINO-MAJANJI TOWN COU,01,JINJA WARD,10,MBAJJA B
124100111,124,BUSIA,10,LUMINO-MAJANJI TOWN COU,01,JINJA WARD,11,MBAJJA MUGUNGU
124100112,124,BUSIA,10,LUMINO-MAJANJI TOWN COU,01,JINJA WARD,12,MULANYA
124100113,124,BUSIA,10,LUMINO-MAJANJI TOWN COU,01,JINJA WARD,13,MULUKO
124100114,124,BUSIA,10,LUMINO-MAJANJI TOWN COU,01,JINJA WARD,14,SYAMALEDE A
124100115,124,BUSIA,10,LUMINO-MAJANJI TOWN COU,01,JINJA WARD,15,SYAMALEDE B
124100116,124,BUSIA,10,LUMINO-MAJANJI TOWN COU,01,JINJA WARD,16,NALWIRE
124100201,124,BUSIA,10,LUMINO-MAJANJI TOWN COU,02,LUMINO WARD,01,BULANGI
124100202,124,BUSIA,10,LUMINO-MAJANJI TOWN COU,02,LUMINO WARD,02,BUMALA
124100203,124,BUSIA,10,LUMINO-MAJANJI TOWN COU,02,LUMINO WARD,03,LUMINO I
124100204,124,BUSIA,10,LUMINO-MAJANJI TOWN COU,02,LUMINO WARD,04,LUMINO II
124100205,124,BUSIA,10,LUMINO-MAJANJI TOWN COU,02,LUMINO WARD,05,LUSISIRA
124100206,124,BUSIA,10,LUMINO-MAJANJI TOWN COU,02,LUMINO WARD,06,NANDWA B
124100301,124,BUSIA,10,LUMINO-MAJANJI TOWN COU,03,MAJANJI A WARD,01,BULWANDE A
124100302,124,BUSIA,10,LUMINO-MAJANJI TOWN COU,03,MAJANJI A WARD,02,BULWANDE B
124100303,124,BUSIA,10,LUMINO-MAJANJI TOWN COU,03,MAJANJI A WARD,03,MADWA A
124100304,124,BUSIA,10,LUMINO-MAJANJI TOWN COU,03,MAJANJI A WARD,04,MADWA B
124100305,124,BUSIA,10,LUMINO-MAJANJI TOWN COU,03,MAJANJI A WARD,05,MAJANJI A
124100306,124,BUSIA,10,LUMINO-MAJANJI TOWN COU,03,MAJANJI A WARD,06,MAJANJI B
124100401,124,BUSIA,10,LUMINO-MAJANJI TOWN COU,04,MAJANJI B WARD,01,BUKEMU
124100402,124,BUSIA,10,LUMINO-MAJANJI TOWN COU,04,MAJANJI B WARD,02,MAHOMBI
124100403,124,BUSIA,10,LUMINO-MAJANJI TOWN COU,04,MAJANJI B WARD,03,NAMUNDIRI A
124100404,124,BUSIA,10,LUMINO-MAJANJI TOWN COU,04,MAJANJI B WARD,04,NAMUNDIRI B
124110101,124,BUSIA,11,LUNYO,01,BUSIABALA,01,BUGENGI
124110102,124,BUSIA,11,LUNYO,01,BUSIABALA,02,BUGOMA
124110103,124,BUSIA,11,LUNYO,01,BUSIABALA,03,BUHAMOSI
124110104,124,BUSIA,11,LUNYO,01,BUSIABALA,04,BUKUHU
124110105,124,BUSIA,11,LUNYO,01,BUSIABALA,05,BUSIABALA A
124110106,124,BUSIA,11,LUNYO,01,BUSIABALA,06,BUSIABALA B
124110107,124,BUSIA,11,LUNYO,01,BUSIABALA,07,BUSITABULO
124110201,124,BUSIA,11,LUNYO,02,LUNYO,01,BULONDANI 'A'
124110202,124,BUSIA,11,LUNYO,02,LUNYO,02,BULONDANI 'B'
124110203,124,BUSIA,11,LUNYO,02,LUNYO,03,BULONDANI SIBONA
124110204,124,BUSIA,11,LUNYO,02,LUNYO,04,BUTEMULA
124110205,124,BUSIA,11,LUNYO,02,LUNYO,05,GANJALA A
124110206,124,BUSIA,11,LUNYO,02,LUNYO,06,GANJALA B
124110207,124,BUSIA,11,LUNYO,02,LUNYO,07,LUNYO A
124110208,124,BUSIA,11,LUNYO,02,LUNYO,08,LUNYO B
124110209,124,BUSIA,11,LUNYO,02,LUNYO,09,SIGUMO
124110210,124,BUSIA,11,LUNYO,02,LUNYO,10,SIRERE A
124110211,124,BUSIA,11,LUNYO,02,LUNYO,11,SIRERE B
124110212,124,BUSIA,11,LUNYO,02,LUNYO,12,SIWOLOLO 'A'
124110213,124,BUSIA,11,LUNYO,02,LUNYO,13,SIWOLOLO 'B'
124110301,124,BUSIA,11,LUNYO,03,NALWIRE,01,BUGUBI
124110302,124,BUSIA,11,LUNYO,03,NALWIRE,02,BUHAHALA
124110303,124,BUSIA,11,LUNYO,03,NALWIRE,03,BUHWAMA-BULWANI
124110304,124,BUSIA,11,LUNYO,03,NALWIRE,04,BUHWAMA-RWAHIMBA
124110305,124,BUSIA,11,LUNYO,03,NALWIRE,05,BULEKEI 'A'
124110306,124,BUSIA,11,LUNYO,03,NALWIRE,06,BULEKEI 'B'
124110307,124,BUSIA,11,LUNYO,03,NALWIRE,07,BURANGA
124110308,124,BUSIA,11,LUNYO,03,NALWIRE,08,BUSOHONI
124110309,124,BUSIA,11,LUNYO,03,NALWIRE,09,BUTENGE 'A'
124110310,124,BUSIA,11,LUNYO,03,NALWIRE,10,BUTENGE 'B'
124110311,124,BUSIA,11,LUNYO,03,NALWIRE,11,BUWANGA
124110312,124,BUSIA,11,LUNYO,03,NALWIRE,12,BWALIRO
124110313,124,BUSIA,11,LUNYO,03,NALWIRE,13,MUKINA
124110314,124,BUSIA,11,LUNYO,03,NALWIRE,14,SIRANGA
124110401,124,BUSIA,11,LUNYO,04,NEKUKU,01,BUKHUNYA
124110402,124,BUSIA,11,LUNYO,04,NEKUKU,02,BUMAGINA A
124110403,124,BUSIA,11,LUNYO,04,NEKUKU,03,BUMAGINA B
124110404,124,BUSIA,11,LUNYO,04,NEKUKU,04,MANYOFU
124110405,124,BUSIA,11,LUNYO,04,NEKUKU,05,NEKUKU
124110406,124,BUSIA,11,LUNYO,04,NEKUKU,06,SIDOME
124120101,124,BUSIA,12,MAJANJI,01,DADIRA,01,BUBBALA B
124120102,124,BUSIA,12,MAJANJI,01,DADIRA,02,BUYORE
124120103,124,BUSIA,12,MAJANJI,01,DADIRA,03,DADIRA
124120104,124,BUSIA,12,MAJANJI,01,DADIRA,04,MORORO
124120105,124,BUSIA,12,MAJANJI,01,DADIRA,05,SITENGO
124120201,124,BUSIA,12,MAJANJI,02,JUNGE,01,BUMANANI
124120202,124,BUSIA,12,MAJANJI,02,JUNGE,02,DIKHO
124120203,124,BUSIA,12,MAJANJI,02,JUNGE,03,LUMIDI
124120204,124,BUSIA,12,MAJANJI,02,JUNGE,04,RUGEGA
124120205,124,BUSIA,12,MAJANJI,02,JUNGE,05,SYAKULA
124120206,124,BUSIA,12,MAJANJI,02,JUNGE,06,SYANGU
124120301,124,BUSIA,12,MAJANJI,03,MAJANJI,01,DABALI
124120302,124,BUSIA,12,MAJANJI,03,MAJANJI,02,MADUWA C
124120303,124,BUSIA,12,MAJANJI,03,MAJANJI,03,MAGOMBE
124120304,124,BUSIA,12,MAJANJI,03,MAJANJI,04,NAMUNDIRI C
124120305,124,BUSIA,12,MAJANJI,03,MAJANJI,05,NAMUNDIRI D
124120401,124,BUSIA,12,MAJANJI,04,NAGABITA,01,BUHENYE
124120402,124,BUSIA,12,MAJANJI,04,NAGABITA,02,BUHENYE B
124120403,124,BUSIA,12,MAJANJI,04,NAGABITA,03,BUHENYE C
124120404,124,BUSIA,12,MAJANJI,04,NAGABITA,04,BUTULA A
124120405,124,BUSIA,12,MAJANJI,04,NAGABITA,05,BWAKAMA A
124120406,124,BUSIA,12,MAJANJI,04,NAGABITA,06,BWAKAMA B
124120407,124,BUSIA,12,MAJANJI,04,NAGABITA,07,GANGU
124120408,124,BUSIA,12,MAJANJI,04,NAGABITA,08,MUSUMA
124120409,124,BUSIA,12,MAJANJI,04,NAGABITA,09,NAGABITA
124120410,124,BUSIA,12,MAJANJI,04,NAGABITA,10,NAHABANJO
124130101,124,BUSIA,13,MASABA,01,BUTANGASI,01,BUDULI
124130102,124,BUSIA,13,MASABA,01,BUTANGASI,02,BUSYECHIRA
124130103,124,BUSIA,13,MASABA,01,BUTANGASI,03,BUTANGASI
124130104,124,BUSIA,13,MASABA,01,BUTANGASI,04,BUYUKHA
124130105,124,BUSIA,13,MASABA,01,BUTANGASI,05,DIRAHO
124130106,124,BUSIA,13,MASABA,01,BUTANGASI,06,HUTALE
124130107,124,BUSIA,13,MASABA,01,BUTANGASI,07,LWANGOSYA
124130108,124,BUSIA,13,MASABA,01,BUTANGASI,08,MUNAKA
124130109,124,BUSIA,13,MASABA,01,BUTANGASI,09,MUNDAYA
124130110,124,BUSIA,13,MASABA,01,BUTANGASI,10,SABUNI
124130111,124,BUSIA,13,MASABA,01,BUTANGASI,11,SIFUYO
124130112,124,BUSIA,13,MASABA,01,BUTANGASI,12,SIGALAME A
124130113,124,BUSIA,13,MASABA,01,BUTANGASI,13,SIGALAME B
124130114,124,BUSIA,13,MASABA,01,BUTANGASI,14,SYABO
124130201,124,BUSIA,13,MASABA,02,MASABA,01,BUDEBANI
124130202,124,BUSIA,13,MASABA,02,MASABA,02,BUHAYENJE
124130203,124,BUSIA,13,MASABA,02,MASABA,03,BUJUNULA
124130204,124,BUSIA,13,MASABA,02,MASABA,04,BUJWANGA
124130205,124,BUSIA,13,MASABA,02,MASABA,05,BUKUYUDI
124130206,124,BUSIA,13,MASABA,02,MASABA,06,BUMALAKANI
124130207,124,BUSIA,13,MASABA,02,MASABA,07,BUSINJE
124130208,124,BUSIA,13,MASABA,02,MASABA,08,BUWULUHIRO
124130209,124,BUSIA,13,MASABA,02,MASABA,09,HABOMI
124130210,124,BUSIA,13,MASABA,02,MASABA,10,LWANIHA
124130211,124,BUSIA,13,MASABA,02,MASABA,11,MAGALE
124130212,124,BUSIA,13,MASABA,02,MASABA,12,MAGINA
124130213,124,BUSIA,13,MASABA,02,MASABA,13,MAPEDO
124130214,124,BUSIA,13,MASABA,02,MASABA,14,MASABA
124130215,124,BUSIA,13,MASABA,02,MASABA,15,MBAALE
124130216,124,BUSIA,13,MASABA,02,MASABA,16,MUDONDO
124130217,124,BUSIA,13,MASABA,02,MASABA,17,SEKA
124130218,124,BUSIA,13,MASABA,02,MASABA,18,SIFUYO - MAGALE
124130219,124,BUSIA,13,MASABA,02,MASABA,19,SIRAKANO A
124130220,124,BUSIA,13,MASABA,02,MASABA,20,SIRAKANO B
124130301,124,BUSIA,13,MASABA,03,MBEHENYI,01,BUCHIRAYI
124130302,124,BUSIA,13,MASABA,03,MBEHENYI,02,BUDIKIDI
124130303,124,BUSIA,13,MASABA,03,MBEHENYI,03,BUGALO
124130304,124,BUSIA,13,MASABA,03,MBEHENYI,04,BUKADE
124130305,124,BUSIA,13,MASABA,03,MBEHENYI,05,BUKIA
124130306,124,BUSIA,13,MASABA,03,MBEHENYI,06,BULENGI EAST
124130307,124,BUSIA,13,MASABA,03,MBEHENYI,07,BULENGI WEST
124130308,124,BUSIA,13,MASABA,03,MBEHENYI,08,BULOBI EAST
124130309,124,BUSIA,13,MASABA,03,MBEHENYI,09,BULOBI WEST
124130310,124,BUSIA,13,MASABA,03,MBEHENYI,10,BUMERA
124130311,124,BUSIA,13,MASABA,03,MBEHENYI,11,BUSIRUNDU
124130312,124,BUSIA,13,MASABA,03,MBEHENYI,12,BUSONGA
124130313,124,BUSIA,13,MASABA,03,MBEHENYI,13,BUSULUBI
124130314,124,BUSIA,13,MASABA,03,MBEHENYI,14,BUTACHO
124130315,124,BUSIA,13,MASABA,03,MBEHENYI,15,MAKUNDA ''A''
124130316,124,BUSIA,13,MASABA,03,MBEHENYI,16,MAKUNDA ''B''
124130317,124,BUSIA,13,MASABA,03,MBEHENYI,17,MATOFU
124130318,124,BUSIA,13,MASABA,03,MBEHENYI,18,MBEHENYI
124130319,124,BUSIA,13,MASABA,03,MBEHENYI,19,MUWENJERE
124130320,124,BUSIA,13,MASABA,03,MBEHENYI,20,NABULAMU
124130321,124,BUSIA,13,MASABA,03,MBEHENYI,21,NAMASAGA
124130322,124,BUSIA,13,MASABA,03,MBEHENYI,22,NANJEHO
124130323,124,BUSIA,13,MASABA,03,MBEHENYI,23,NESAGA
124130324,124,BUSIA,13,MASABA,03,MBEHENYI,24,SIBINDUHA
124140101,124,BUSIA,14,MASAFU,01,BUHATUBA,01,BUDANDU
124140102,124,BUSIA,14,MASAFU,01,BUHATUBA,02,BUHATUBA
124140103,124,BUSIA,14,MASAFU,01,BUHATUBA,03,BUKHALIKHA
124140104,124,BUSIA,14,MASAFU,01,BUHATUBA,04,BUMWENGE
124140201,124,BUSIA,14,MASAFU,02,KUBO,01,BUKOBE EAST
124140202,124,BUSIA,14,MASAFU,02,KUBO,02,BUKOBE WEST
124140203,124,BUSIA,14,MASAFU,02,KUBO,03,KUBO EAST
124140204,124,BUSIA,14,MASAFU,02,KUBO,04,KUBO WEST
124140301,124,BUSIA,14,MASAFU,03,MASAFU,01,BUBWIBO
124140302,124,BUSIA,14,MASAFU,03,MASAFU,02,BUWAMBO
124140303,124,BUSIA,14,MASAFU,03,MASAFU,03,BUWANDA
124140304,124,BUSIA,14,MASAFU,03,MASAFU,04,KODEMA
124140305,124,BUSIA,14,MASAFU,03,MASAFU,05,MIRA
124140306,124,BUSIA,14,MASAFU,03,MASAFU,06,MUGANIRO
124140307,124,BUSIA,14,MASAFU,03,MASAFU,07,SICHEHE
124140308,124,BUSIA,14,MASAFU,03,MASAFU,08,SIKOKHWE
124140401,124,BUSIA,14,MASAFU,04,MAWANGA,01,BUDIBYA EAST
124140402,124,BUSIA,14,MASAFU,04,MAWANGA,02,BUDIBYA WEST
124140403,124,BUSIA,14,MASAFU,04,MAWANGA,03,BUHEMBO EAST
124140404,124,BUSIA,14,MASAFU,04,MAWANGA,04,BUHEMBO WEST
124140405,124,BUSIA,14,MASAFU,04,MAWANGA,05,BUMAYI
124140406,124,BUSIA,14,MASAFU,04,MAWANGA,06,BUSEDU
124140407,124,BUSIA,14,MASAFU,04,MAWANGA,07,BUYOSI
124140408,124,BUSIA,14,MASAFU,04,MAWANGA,08,MAWANGA EAST
124140409,124,BUSIA,14,MASAFU,04,MAWANGA,09,MAWANGA WEST
124140410,124,BUSIA,14,MASAFU,04,MAWANGA,10,MUKANGU
124150101,124,BUSIA,15,MASINYA,01,BUMUNJI,01,BUDIBYA
124150102,124,BUSIA,15,MASINYA,01,BUMUNJI,02,BULONGI
124150103,124,BUSIA,15,MASINYA,01,BUMUNJI,03,BUWALIRA
124150104,124,BUSIA,15,MASINYA,01,BUMUNJI,04,BWAYA
124150105,124,BUSIA,15,MASINYA,01,BUMUNJI,05,HADODA
124150201,124,BUSIA,15,MASINYA,02,BUSIKHO,01,BUSIKHO EAST
124150202,124,BUSIA,15,MASINYA,02,BUSIKHO,02,BUSIKHO WEST
124150203,124,BUSIA,15,MASINYA,02,BUSIKHO,03,BUYIMINI EAST
124150204,124,BUSIA,15,MASINYA,02,BUSIKHO,04,BUYIMINI WEST
124150205,124,BUSIA,15,MASINYA,02,BUSIKHO,05,BUYIYE EAST
124150206,124,BUSIA,15,MASINYA,02,BUSIKHO,06,BUYIYE WEST
124150207,124,BUSIA,15,MASINYA,02,BUSIKHO,07,SIDUHUMI
124150301,124,BUSIA,15,MASINYA,03,BUTOTE,01,BUDUMA
124150302,124,BUSIA,15,MASINYA,03,BUTOTE,02,BUHASOHO
124150303,124,BUSIA,15,MASINYA,03,BUTOTE,03,BUJABI NORTH
124150304,124,BUSIA,15,MASINYA,03,BUTOTE,04,BUJABI SOUTH
124150305,124,BUSIA,15,MASINYA,03,BUTOTE,05,BUTOTE
124150306,124,BUSIA,15,MASINYA,03,BUTOTE,06,BUYUYA
124150401,124,BUSIA,15,MASINYA,04,MASINYA,01,BUHUMWA
124150402,124,BUSIA,15,MASINYA,04,MASINYA,02,BULECHA
124150403,124,BUSIA,15,MASINYA,04,MASINYA,03,BUNYUKHE
124150404,124,BUSIA,15,MASINYA,04,MASINYA,04,BUSAMBA
124150405,124,BUSIA,15,MASINYA,04,MASINYA,05,GULAMUBIRI
124160101,124,BUSIA,16,NAMUGONDI TOWN COUNCIL,01,BUHOYA WARD,01,BUHOYA
124160102,124,BUSIA,16,NAMUGONDI TOWN COUNCIL,01,BUHOYA WARD,02,SINGI
124160103,124,BUSIA,16,NAMUGONDI TOWN COUNCIL,01,BUHOYA WARD,03,TENTE
124160201,124,BUSIA,16,NAMUGONDI TOWN COUNCIL,02,BUHUMI WARD,01,BUCHAWULO
124160202,124,BUSIA,16,NAMUGONDI TOWN COUNCIL,02,BUHUMI WARD,02,BUHUMI B
124160203,124,BUSIA,16,NAMUGONDI TOWN COUNCIL,02,BUHUMI WARD,03,BUWERO
124160301,124,BUSIA,16,NAMUGONDI TOWN COUNCIL,03,BULUMBI WARD,01,BULICHE
124160302,124,BUSIA,16,NAMUGONDI TOWN COUNCIL,03,BULUMBI WARD,02,BULUMBI
124160303,124,BUSIA,16,NAMUGONDI TOWN COUNCIL,03,BULUMBI WARD,03,BUMULIMBA B
124160304,124,BUSIA,16,NAMUGONDI TOWN COUNCIL,03,BULUMBI WARD,04,BUMULIMBA CENTRAL
124160305,124,BUSIA,16,NAMUGONDI TOWN COUNCIL,03,BULUMBI WARD,05,NAWANTE
124160401,124,BUSIA,16,NAMUGONDI TOWN COUNCIL,04,NAMUGONDI WARD,01,BUHUMI A
124160402,124,BUSIA,16,NAMUGONDI TOWN COUNCIL,04,NAMUGONDI WARD,02,DABAYERE
124160403,124,BUSIA,16,NAMUGONDI TOWN COUNCIL,04,NAMUGONDI WARD,03,NAMUNGODI TRADING CENTRE
124160404,124,BUSIA,16,NAMUGONDI TOWN COUNCIL,04,NAMUGONDI WARD,04,SYEKOBERO
124170101,124,BUSIA,17,SIKUDA,01,AJUKET,01,ABOLOI
124170102,124,BUSIA,17,SIKUDA,01,AJUKET,02,AJUKET A
124170103,124,BUSIA,17,SIKUDA,01,AJUKET,03,AJUKET B
124170104,124,BUSIA,17,SIKUDA,01,AJUKET,04,AKOBWAIT
124170105,124,BUSIA,17,SIKUDA,01,AJUKET,05,AMAGORO
124170106,124,BUSIA,17,SIKUDA,01,AJUKET,06,ANGOROM
124170107,124,BUSIA,17,SIKUDA,01,AJUKET,07,ATAPARA
124170108,124,BUSIA,17,SIKUDA,01,AJUKET,08,NANGUKE
124170201,124,BUSIA,17,SIKUDA,02,BUCHICHA,01,ABOCHET
124170202,124,BUSIA,17,SIKUDA,02,BUCHICHA,02,AMUNOIT
124170203,124,BUSIA,17,SIKUDA,02,BUCHICHA,03,AUKOT
124170204,124,BUSIA,17,SIKUDA,02,BUCHICHA,04,BUCHICHA 'A'
124170205,124,BUSIA,17,SIKUDA,02,BUCHICHA,05,BUCHICHA 'B'
124170206,124,BUSIA,17,SIKUDA,02,BUCHICHA,06,BUCHICHA CENTRAL
124170207,124,BUSIA,17,SIKUDA,02,BUCHICHA,07,BUSUWU
124170208,124,BUSIA,17,SIKUDA,02,BUCHICHA,08,MUNDAYA
124170209,124,BUSIA,17,SIKUDA,02,BUCHICHA,09,NAKOLA 'A'
124170301,124,BUSIA,17,SIKUDA,03,SIKUDA,01,ASOPOTOIT A
124170302,124,BUSIA,17,SIKUDA,03,SIKUDA,02,ASOPOTOIT B
124170303,124,BUSIA,17,SIKUDA,03,SIKUDA,03,HADADIRA
124170304,124,BUSIA,17,SIKUDA,03,SIKUDA,04,HEKAKA
124170305,124,BUSIA,17,SIKUDA,03,SIKUDA,05,MUSWI
124170306,124,BUSIA,17,SIKUDA,03,SIKUDA,06,SIKUDA
124170307,124,BUSIA,17,SIKUDA,03,SIKUDA,07,SIREKA
124170308,124,BUSIA,17,SIKUDA,03,SIKUDA,08,SIWULIHIRE
124170309,124,BUSIA,17,SIKUDA,03,SIKUDA,09,SYONGA
124170401,124,BUSIA,17,SIKUDA,04,TIIRA,01,AKIPENET
124170402,124,BUSIA,17,SIKUDA,04,TIIRA,02,ANGARAMA
124170403,124,BUSIA,17,SIKUDA,04,TIIRA,03,NAKOLA 'B'
124170404,124,BUSIA,17,SIKUDA,04,TIIRA,04,TABONG
124170405,124,BUSIA,17,SIKUDA,04,TIIRA,05,TIIRA
124170406,124,BUSIA,17,SIKUDA,04,TIIRA,06,TIIRA T/C
124180101,124,BUSIA,18,WESTERN DIVISION,01,NORTH A WARD,01,SOLO 'A'
124180102,124,BUSIA,18,WESTERN DIVISION,01,NORTH A WARD,02,SOLO 'B'
124180201,124,BUSIA,18,WESTERN DIVISION,02,NORTH B WARD,01,MAWERO WEST
124180202,124,BUSIA,18,WESTERN DIVISION,02,NORTH B WARD,02,SOLO 'C'
124180301,124,BUSIA,18,WESTERN DIVISION,03,SOUTH WEST WARD,01,KISENYI 'A'
124180302,124,BUSIA,18,WESTERN DIVISION,03,SOUTH WEST WARD,02,KISENYI 'B'
124180303,124,BUSIA,18,WESTERN DIVISION,03,SOUTH WEST WARD,03,MADIBIRA 'A'
124180304,124,BUSIA,18,WESTERN DIVISION,03,SOUTH WEST WARD,04,MADIBIRA 'B'
124180305,124,BUSIA,18,WESTERN DIVISION,03,SOUTH WEST WARD,05,NANGWE MADIBIRA
124180306,124,BUSIA,18,WESTERN DIVISION,03,SOUTH WEST WARD,06,NANGWE SHOPS
